Feature,Importance
AQI_Lag_1,0.7521274
AQI_Rolling_6,0.12701316
AQI_Rolling_24,0.10455196
CO,0.0037231506
AQI_Lag_6,0.0028768538
AQI_Lag_24,0.0018471275
PM2.5,0.0013151207
O3,0.0009941722
Hour,0.0007701904
Year,0.0007208533
NO2,0.0007118695
SO2,0.000645671
Season,0.0006437993
Weekday,0.00055753585
Month,0.00054442417
PM10,0.00048286217
Day,0.00047388504
