City,Datetime,PM2.5,PM10,NO2,SO2,CO,O3,AQI,Hour,Day,Month,Year,Weekday,Season,AQI_Lag_1,AQI_Lag_6,AQI_Lag_24,AQI_Rolling_6,AQI_Rolling_24
Ahmedabad,04-04-2020 16:00,21.25,42.5,16.45,11.6,0.11,20.3,70,16,4,4,2020,5,2,71,75,67,72,73.625
Ahmedabad,04-04-2020 17:00,21,39,19.62,15.16,0.11,18.97,69,17,4,4,2020,5,2,70,74,67,71.16666666666667,73.70833333333333
Ahmedabad,04-04-2020 18:00,18,46.5,27.95,5.76,0.11,14.7,67,18,4,4,2020,5,2,69,73,68,70.16666666666667,73.66666666666667
Ahmedabad,04-04-2020 19:00,21,51.75,31.45,4.15,0.11,13.4,65,19,4,4,2020,5,2,67,72,70,69,73.45833333333333
Ahmedabad,04-04-2020 20:00,28,53.75,34.38,3.83,0.11,11.57,62,20,4,4,2020,5,2,65,72,73,67.33333333333333,73
Ahmedabad,04-04-2020 21:00,22,57.5,31.22,3.65,0.11,10.03,60,21,4,4,2020,5,2,62,71,74,65.5,72.41666666666667
Ahmedabad,04-04-2020 22:00,22,69.25,25.43,0.3,0.11,14.43,59,22,4,4,2020,5,2,60,70,74,63.66666666666666,71.79166666666667
Ahmedabad,04-04-2020 23:00,22.5,64.5,24.8,16.35,0.11,13.28,58,23,4,4,2020,5,2,59,69,74,61.833333333333336,71.125
Ahmedabad,05-04-2020 00:00,24,66,28.3,15.58,0.11,7.4,57,0,5,4,2020,6,2,58,67,75,60.16666666666666,70.375
Ahmedabad,05-04-2020 01:00,31.25,95.5,32.02,2.35,0.11,5.05,59,1,5,4,2020,6,2,57,65,75,59.16666666666666,69.70833333333333
Ahmedabad,05-04-2020 02:00,26,64,37.05,3.62,0.11,3.1,58,2,5,4,2020,6,2,59,62,77,58.5,68.91666666666667
Ahmedabad,05-04-2020 03:00,22,40.5,36.35,4.38,0.11,5.2,58,3,5,4,2020,6,2,58,60,77,58.16666666666666,68.125
Ahmedabad,05-04-2020 04:00,18.75,38,35.75,5.3,0.11,4.78,57,4,5,4,2020,6,2,58,59,77,57.833333333333336,67.29166666666667
Ahmedabad,05-04-2020 05:00,18.75,41,36.25,5.82,0.11,2.88,57,5,5,4,2020,6,2,57,58,77,57.66666666666666,66.45833333333333
Ahmedabad,05-04-2020 06:00,23,49.5,33.67,1.55,0.11,3.62,57,6,5,4,2020,6,2,57,57,76,57.66666666666666,65.66666666666667
Ahmedabad,05-04-2020 07:00,28.75,47,29.83,4.58,0.11,4.97,56,7,5,4,2020,6,2,57,59,76,57.16666666666666,64.83333333333333
Ahmedabad,05-04-2020 08:00,26.25,45.75,32.8,3.85,0.11,4.57,56,8,5,4,2020,6,2,56,58,75,56.833333333333336,64.04166666666667
Ahmedabad,05-04-2020 09:00,22.5,53.5,39.92,5.88,0.11,11.43,55,9,5,4,2020,6,2,56,58,75,56.333333333333336,63.208333333333336
Ahmedabad,05-04-2020 10:00,28.5,69,46.8,12.35,0.11,17.1,54,10,5,4,2020,6,2,55,57,75,55.833333333333336,62.333333333333336
Ahmedabad,05-04-2020 11:00,28,67.75,35.42,9.4,0.11,13,54,11,5,4,2020,6,2,54,57,74,55.333333333333336,61.5
Ahmedabad,05-04-2020 12:00,22,40,31.8,11.8,0.11,13.92,53,12,5,4,2020,6,2,54,57,73,54.66666666666666,60.66666666666666
Ahmedabad,05-04-2020 13:00,18,36.25,35.88,5.75,0.11,11.12,53,13,5,4,2020,6,2,53,56,72,54.16666666666666,59.875
Ahmedabad,05-04-2020 14:00,13,36.25,18.5,4.8,0.11,13.83,52,14,5,4,2020,6,2,53,56,72,53.5,59.04166666666666
Ahmedabad,05-04-2020 15:00,16.75,33,14.62,5.4,0.11,20.65,52,15,5,4,2020,6,2,52,55,71,53,58.25
Ahmedabad,05-04-2020 16:00,19,30,15.5,7.63,0.11,20.15,51,16,5,4,2020,6,2,52,54,70,52.5,57.458333333333336
Ahmedabad,05-04-2020 17:00,11,34,18.15,10.89,0.11,20,51,17,5,4,2020,6,2,51,54,69,52,56.708333333333336
Ahmedabad,05-04-2020 18:00,17,34,28.18,26.11,0.11,13.82,51,18,5,4,2020,6,2,51,53,67,51.66666666666666,56.04166666666666
Ahmedabad,05-04-2020 19:00,20.25,43.5,34,7.28,0.11,7.72,50,19,5,4,2020,6,2,51,53,65,51.16666666666666,55.41666666666666
Ahmedabad,05-04-2020 20:00,23.5,61.75,39.17,10.32,0.11,5.62,51,20,5,4,2020,6,2,50,52,62,51,54.958333333333336
Ahmedabad,05-04-2020 21:00,21,70.75,35.77,10.75,0.11,7.6,51,21,5,4,2020,6,2,51,52,60,50.833333333333336,54.583333333333336
Ahmedabad,05-04-2020 22:00,22.75,64.5,29.1,5.92,0.11,6.72,51,22,5,4,2020,6,2,51,51,59,50.833333333333336,54.25
Ahmedabad,05-04-2020 23:00,33.25,87.75,27.57,2.35,0.11,7.23,52,23,5,4,2020,6,2,51,51,58,51,54
Ahmedabad,06-04-2020 00:00,21.5,70,28.4,1.85,0.11,5,52,0,6,4,2020,0,2,52,51,57,51.16666666666666,53.79166666666666
Ahmedabad,06-04-2020 01:00,21.75,74.75,29.15,5.45,0.11,3.67,51,1,6,4,2020,0,2,52,50,59,51.333333333333336,53.458333333333336
Ahmedabad,06-04-2020 02:00,24.5,92.5,31.47,6.03,0.11,2.98,53,2,6,4,2020,0,2,51,51,58,51.66666666666666,53.25
Ahmedabad,06-04-2020 03:00,16.25,46.5,35.42,7.32,0.11,1.9,53,3,6,4,2020,0,2,53,51,58,52,53.04166666666666
Ahmedabad,06-04-2020 04:00,13.75,38.75,35.12,8.8,0.11,1.3,53,4,6,4,2020,0,2,53,51,57,52.333333333333336,52.875
Ahmedabad,06-04-2020 05:00,14,36.25,33.92,8.7,0.11,1.88,53,5,6,4,2020,0,2,53,52,57,52.5,52.708333333333336
Ahmedabad,06-04-2020 06:00,18.25,32.5,27.77,6.2,0.11,1.93,52,6,6,4,2020,0,2,53,52,57,52.5,52.5
Ahmedabad,06-04-2020 07:00,22.5,38.5,29.48,5.17,0.11,2.58,52,7,6,4,2020,0,2,52,51,56,52.66666666666666,52.333333333333336
Ahmedabad,06-04-2020 08:00,22.5,43.75,28.8,3.35,0.11,3.8,51,8,6,4,2020,0,2,52,53,56,52.333333333333336,52.125
Ahmedabad,06-04-2020 09:00,18,46,36.17,3.62,0.11,11.35,51,9,6,4,2020,0,2,51,53,55,52,51.958333333333336
Ahmedabad,06-04-2020 10:00,24.25,49.25,40.58,7.98,0.11,11.72,50,10,6,4,2020,0,2,51,53,54,51.5,51.79166666666666
Ahmedabad,06-04-2020 11:00,19.5,48.75,43.12,14.25,0.11,9.55,50,11,6,4,2020,0,2,50,53,54,51,51.625
Ahmedabad,06-04-2020 12:00,19.75,52.25,32.85,10.7,0.11,7.43,50,12,6,4,2020,0,2,50,52,53,50.66666666666666,51.5
Ahmedabad,06-04-2020 13:00,16,47,41,3.92,0.11,6.78,51,13,6,4,2020,0,2,50,52,53,50.5,51.41666666666666
Ahmedabad,06-04-2020 14:00,13,40.25,19.3,4.06,0.11,7.95,51,14,6,4,2020,0,2,51,51,52,50.5,51.375
Ahmedabad,06-04-2020 15:00,7,26,17.15,26.5,0.11,12.7,50,15,6,4,2020,0,2,51,51,52,50.333333333333336,51.29166666666666
Ahmedabad,06-04-2020 16:00,17.25,34.5,17.6,6,0.11,18.65,51,16,6,4,2020,0,2,50,50,51,50.5,51.29166666666666
Ahmedabad,06-04-2020 17:00,14.5,34.75,19.18,5.05,0.11,13.9,51,17,6,4,2020,0,2,51,50,51,50.66666666666666,51.29166666666666
Ahmedabad,06-04-2020 18:00,14.25,34,25.77,8.05,0.11,7.2,51,18,6,4,2020,0,2,51,50,51,50.833333333333336,51.29166666666666
Ahmedabad,06-04-2020 19:00,18,43,29.65,8.23,0.11,4.42,51,19,6,4,2020,0,2,51,51,50,50.833333333333336,51.333333333333336
Ahmedabad,06-04-2020 20:00,10.75,34.25,29.15,4,0.11,5.15,49,20,6,4,2020,0,2,51,51,51,50.5,51.25
Ahmedabad,06-04-2020 21:00,8,22.5,27.7,4.57,0.11,5.35,47,21,6,4,2020,0,2,49,50,51,50,51.083333333333336
Ahmedabad,06-04-2020 22:00,11,25.75,24.12,2.42,0.11,5.3,46,22,6,4,2020,0,2,47,51,51,49.16666666666666,50.875
Ahmedabad,06-04-2020 23:00,12.75,40.25,21.05,11.78,0.11,3.1,44,23,6,4,2020,0,2,46,51,52,48,50.54166666666666
Ahmedabad,07-04-2020 00:00,18,41,22.3,22.58,0.11,7,43,0,7,4,2020,1,2,44,51,52,46.66666666666666,50.16666666666666
Ahmedabad,07-04-2020 01:00,19,38.5,23.35,4.33,0.11,23.15,41,1,7,4,2020,1,2,43,51,51,45,49.75
Ahmedabad,07-04-2020 02:00,21.5,48.5,31.32,9.7,0.11,15.35,39,2,7,4,2020,1,2,41,49,53,43.333333333333336,49.16666666666666
Ahmedabad,07-04-2020 03:00,20.75,60.5,38.02,11,0.11,19.3,40,3,7,4,2020,1,2,39,47,53,42.16666666666666,48.625
Ahmedabad,07-04-2020 04:00,22.5,74,47.85,11.72,0.11,10.38,41,4,7,4,2020,1,2,40,46,53,41.333333333333336,48.125
Ahmedabad,07-04-2020 05:00,21,74,43.62,12.68,0.11,11.35,43,5,7,4,2020,1,2,41,44,53,41.16666666666666,47.708333333333336
Ahmedabad,07-04-2020 06:00,29,86,42.55,10.8,0.11,3.15,45,6,7,4,2020,1,2,43,43,52,41.5,47.41666666666666
Ahmedabad,07-04-2020 07:00,22,66.5,33.12,6.67,0.11,3,46,7,7,4,2020,1,2,45,41,52,42.333333333333336,47.16666666666666
Ahmedabad,07-04-2020 08:00,20.75,62,35.6,5.05,0.11,2.67,47,8,7,4,2020,1,2,46,39,51,43.66666666666666,47
Ahmedabad,07-04-2020 09:00,20,61,38.73,6.67,0.11,9.1,48,9,7,4,2020,1,2,47,40,51,45,46.875
Ahmedabad,07-04-2020 10:00,20.5,98.75,35.53,10.75,0.11,5.72,50,10,7,4,2020,1,2,48,41,50,46.5,46.875
Ahmedabad,07-04-2020 11:00,18,62,29.85,9.4,0.11,9.43,50,11,7,4,2020,1,2,50,43,50,47.66666666666666,46.875
Ahmedabad,07-04-2020 12:00,14,32,27.15,11.9,0.11,9.97,49,12,7,4,2020,1,2,50,45,50,48.333333333333336,46.833333333333336
Ahmedabad,07-04-2020 13:00,5,26.5,34.52,4.95,0.11,8.1,49,13,7,4,2020,1,2,49,46,51,48.833333333333336,46.75
Ahmedabad,07-04-2020 14:00,5,28.75,20.15,11.99,0.11,7.72,48,14,7,4,2020,1,2,49,47,51,49,46.625
Ahmedabad,07-04-2020 15:00,6,30.5,16.98,18.67,0.11,11.12,48,15,7,4,2020,1,2,48,48,50,49,46.54166666666666
Ahmedabad,07-04-2020 16:00,9.25,28.5,16.05,1.8,0.11,11.25,48,16,7,4,2020,1,2,48,50,51,48.66666666666666,46.41666666666666
Ahmedabad,07-04-2020 17:00,10,30.75,19.15,5.7,0.11,10.92,48,17,7,4,2020,1,2,48,50,51,48.333333333333336,46.29166666666666
Ahmedabad,07-04-2020 18:00,11.5,32,22.5,7.22,0.11,6.47,48,18,7,4,2020,1,2,48,49,51,48.16666666666666,46.16666666666666
Ahmedabad,07-04-2020 19:00,10.75,23.5,24.88,6.35,0.11,5.65,47,19,7,4,2020,1,2,48,49,51,47.833333333333336,46
Ahmedabad,07-04-2020 20:00,5.5,38,31.35,6.28,0.11,2.98,47,20,7,4,2020,1,2,47,48,49,47.66666666666666,45.91666666666666
Ahmedabad,07-04-2020 21:00,6.75,41,29.27,5.18,0.11,3.2,48,21,7,4,2020,1,2,47,48,47,47.66666666666666,45.958333333333336
Ahmedabad,07-04-2020 22:00,5.5,21,17.93,3.55,0.11,3.58,48,22,7,4,2020,1,2,48,48,46,47.66666666666666,46.04166666666666
Ahmedabad,07-04-2020 23:00,5.25,32.25,19.05,0.75,0.11,3.88,47,23,7,4,2020,1,2,48,48,44,47.5,46.16666666666666
Ahmedabad,08-04-2020 00:00,10.5,56.5,19.73,12.39,0.11,3.25,48,0,8,4,2020,2,2,47,48,43,47.5,46.375
Ahmedabad,08-04-2020 01:00,12.75,48.75,21.5,4.72,0.11,2.83,48,1,8,4,2020,2,2,48,47,41,47.66666666666666,46.66666666666666
Ahmedabad,08-04-2020 02:00,6,32.75,23.95,6.62,0.11,1.6,48,2,8,4,2020,2,2,48,47,39,47.833333333333336,47.04166666666666
Ahmedabad,08-04-2020 03:00,6.75,36.75,26.2,8.75,0.11,1.35,47,3,8,4,2020,2,2,48,48,40,47.66666666666666,47.333333333333336
Ahmedabad,08-04-2020 04:00,9.25,28,28.68,11.2,0.11,3.4,45,4,8,4,2020,2,2,47,48,41,47.16666666666666,47.5
Ahmedabad,08-04-2020 05:00,10,36.5,29.62,11.68,0.11,0.55,43,5,8,4,2020,2,2,45,47,43,46.5,47.5
Ahmedabad,08-04-2020 06:00,9,23.5,19.58,8.53,0.11,1.55,41,6,8,4,2020,2,2,43,48,45,45.333333333333336,47.333333333333336
Ahmedabad,08-04-2020 07:00,6,17.75,18.5,3.85,0.11,1.12,39,7,8,4,2020,2,2,41,48,46,43.833333333333336,47.04166666666666
Ahmedabad,08-04-2020 08:00,7.25,26.5,20.15,3.05,0.11,1.63,37,8,8,4,2020,2,2,39,48,47,42,46.625
Ahmedabad,08-04-2020 09:00,11,37,22,1.8,0.11,1.85,36,9,8,4,2020,2,2,37,47,48,40.16666666666666,46.125
Ahmedabad,08-04-2020 10:00,14.25,26,27.7,4.03,0.11,4.35,33,10,8,4,2020,2,2,36,45,50,38.16666666666666,45.41666666666666
Ahmedabad,08-04-2020 11:00,12.75,32.5,37.93,7.95,0.11,7.47,33,11,8,4,2020,2,2,33,43,50,36.5,44.708333333333336
Ahmedabad,08-04-2020 12:00,5.25,29.75,24.1,11,0.11,8.45,33,12,8,4,2020,2,2,33,41,49,35.166666666666664,44.04166666666666
Ahmedabad,08-04-2020 13:00,4.5,17.5,19.3,6.1,0.11,8.05,33,13,8,4,2020,2,2,33,39,49,34.166666666666664,43.375
Ahmedabad,08-04-2020 14:00,8,16.25,19.53,6.12,0.11,8.15,33,14,8,4,2020,2,2,33,37,48,33.5,42.75
Ahmedabad,08-04-2020 15:00,5.5,9.25,16.98,23.82,0.11,11.8,33,15,8,4,2020,2,2,33,36,48,33,42.125
Ahmedabad,08-04-2020 16:00,6.75,14.25,16.38,5.5,0.11,13.3,33,16,8,4,2020,2,2,33,33,48,33,41.5
Ahmedabad,08-04-2020 17:00,5.75,17.5,17.15,7.1,0.11,12.72,33,17,8,4,2020,2,2,33,33,48,33,40.875
Ahmedabad,08-04-2020 18:00,5,16,19.35,7.75,0.11,8.1,33,18,8,4,2020,2,2,33,33,48,33,40.25
Ahmedabad,08-04-2020 19:00,8.5,44.5,26.32,8.9,0.11,4.47,33,19,8,4,2020,2,2,33,33,47,33,39.66666666666666
Ahmedabad,08-04-2020 20:00,10,56.5,29.7,6.88,0.11,7.25,33,20,8,4,2020,2,2,33,33,47,33,39.083333333333336
Ahmedabad,08-04-2020 21:00,8.25,28.75,32.97,7.9,0.11,15.8,33,21,8,4,2020,2,2,33,33,48,33,38.458333333333336
Ahmedabad,08-04-2020 22:00,12,38,25.25,5.5,0.11,19.6,33,22,8,4,2020,2,2,33,33,48,33,37.833333333333336
Ahmedabad,08-04-2020 23:00,12.25,31,20.52,1.85,0.11,35.23,35,23,8,4,2020,2,2,33,33,47,33.333333333333336,37.333333333333336
Ahmedabad,09-04-2020 00:00,13,28,17.83,2.12,0.11,39.75,40,0,9,4,2020,3,2,35,33,48,34.5,37
Ahmedabad,09-04-2020 01:00,13.25,26.5,18.45,5.48,0.11,39.92,40,1,9,4,2020,3,2,40,33,48,35.666666666666664,36.66666666666666
Ahmedabad,09-04-2020 02:00,18,34.25,21.55,5.98,0.11,37.4,40,2,9,4,2020,3,2,40,33,48,36.833333333333336,36.333333333333336
Ahmedabad,09-04-2020 03:00,10.75,26,25.85,7.7,0.11,33.55,40,3,9,4,2020,3,2,40,33,47,38,36.04166666666666
Ahmedabad,09-04-2020 04:00,8,26.75,28.05,8.67,0.11,34.15,40,4,9,4,2020,3,2,40,33,45,39.16666666666666,35.833333333333336
Ahmedabad,09-04-2020 05:00,11.25,29.5,32.58,10.3,0.11,33.05,40,5,9,4,2020,3,2,40,35,43,40,35.708333333333336
Ahmedabad,09-04-2020 06:00,13.25,33.25,38.77,9.9,0.11,19.7,40,6,9,4,2020,3,2,40,40,41,40,35.666666666666664
Ahmedabad,09-04-2020 07:00,19.75,44.75,39.8,8.4,0.11,17.12,40,7,9,4,2020,3,2,40,40,39,40,35.708333333333336
Ahmedabad,09-04-2020 08:00,28,59,45.77,10.22,0.11,16.62,40,8,9,4,2020,3,2,40,40,37,40,35.833333333333336
Ahmedabad,09-04-2020 09:00,28,59,26.5,11.8,0.11,1.85,37,9,9,4,2020,3,2,40,40,36,39.5,35.875
Ahmedabad,09-04-2020 10:00,29,94,30.07,16.2,0.11,4.38,34,10,9,4,2020,3,2,37,40,33,38.5,35.916666666666664
Ahmedabad,09-04-2020 11:00,27.5,86.5,34,9,0.11,33.9,36,11,9,4,2020,3,2,34,40,33,37.833333333333336,36.04166666666666
Ahmedabad,09-04-2020 12:00,24.25,64.25,34.65,15.62,0.11,61.07,61,12,9,4,2020,3,2,36,40,33,41.333333333333336,37.208333333333336
Ahmedabad,09-04-2020 13:00,26.5,66.25,37.5,7,0.11,50.2,61,13,9,4,2020,3,2,61,40,33,44.833333333333336,38.375
Ahmedabad,09-04-2020 14:00,21.75,67.75,40.33,6.58,0.11,42.45,61,14,9,4,2020,3,2,61,40,33,48.333333333333336,39.54166666666666
Ahmedabad,09-04-2020 15:00,20.5,58.5,40.3,5.8,0.11,40.9,61,15,9,4,2020,3,2,61,37,33,52.333333333333336,40.708333333333336
Ahmedabad,09-04-2020 16:00,18.5,51.75,34.53,4.28,0.11,48.35,61,16,9,4,2020,3,2,61,34,33,56.833333333333336,41.875
Ahmedabad,09-04-2020 17:00,19.25,50.75,23.83,0.8,0.11,51.95,61,17,9,4,2020,3,2,61,36,33,61,43.04166666666666
Ahmedabad,09-04-2020 18:00,23.5,40,23.65,13.66,0.11,45.3,61,18,9,4,2020,3,2,61,61,33,61,44.208333333333336
Ahmedabad,09-04-2020 19:00,16,37,27.58,4.5,0.11,40.38,61,19,9,4,2020,3,2,61,61,33,61,45.375
Ahmedabad,09-04-2020 20:00,15,38,38.1,7.38,0.11,22.55,52,20,9,4,2020,3,2,61,61,33,59.5,46.16666666666666
Ahmedabad,09-04-2020 21:00,35.25,123,46.85,10.35,0.11,18.85,52,21,9,4,2020,3,2,52,61,33,58,46.958333333333336
Ahmedabad,09-04-2020 22:00,24.5,74.25,46.67,11.33,0.11,21.8,52,22,9,4,2020,3,2,52,61,33,56.5,47.75
Ahmedabad,09-04-2020 23:00,27,87,46.15,12.33,0.11,22.07,54,23,9,4,2020,3,2,52,61,35,55.333333333333336,48.54166666666666
Ahmedabad,10-04-2020 00:00,30,78,41.52,11.07,0.11,20.3,56,0,10,4,2020,4,2,54,61,40,54.5,49.208333333333336
Ahmedabad,10-04-2020 01:00,35.25,106.75,39.23,5.83,0.11,19.98,60,1,10,4,2020,4,2,56,61,40,54.333333333333336,50.04166666666666
Ahmedabad,10-04-2020 02:00,34.25,133,39.6,2.58,0.11,15.6,64,2,10,4,2020,4,2,60,52,40,56.333333333333336,51.04166666666666
Ahmedabad,10-04-2020 03:00,28.5,115.75,38.2,2.42,0.11,19,68,3,10,4,2020,4,2,64,52,40,59,52.208333333333336
Ahmedabad,10-04-2020 04:00,27,60.75,40.8,4.05,0.11,16.6,69,4,10,4,2020,4,2,68,52,40,61.833333333333336,53.41666666666666
Ahmedabad,10-04-2020 05:00,26.75,59,45.43,5.52,0.11,10.45,70,5,10,4,2020,4,2,69,54,40,64.5,54.66666666666666
Ahmedabad,10-04-2020 06:00,26.25,76,45.15,5.3,0.11,9.5,72,6,10,4,2020,4,2,70,56,40,67.16666666666667,56
Ahmedabad,10-04-2020 07:00,31,74.5,46.98,5.1,0.11,10.05,73,7,10,4,2020,4,2,72,60,40,69.33333333333333,57.375
Ahmedabad,10-04-2020 08:00,33.25,86.75,41.92,1.1,0.11,15.85,75,8,10,4,2020,4,2,73,64,40,71.16666666666667,58.833333333333336
Ahmedabad,10-04-2020 09:00,26,63.5,42.95,4.04,0.11,21.15,75,9,10,4,2020,4,2,75,68,37,72.33333333333333,60.41666666666666
Ahmedabad,10-04-2020 10:00,20.5,64.75,41.25,7.32,0.11,37.83,73,10,10,4,2020,4,2,75,69,34,73,62.04166666666666
Ahmedabad,10-04-2020 11:00,20.75,74.25,25.85,8.36,0.11,38.45,73,11,10,4,2020,4,2,73,70,36,73.5,63.583333333333336
Ahmedabad,10-04-2020 12:00,16.5,50.5,23.5,5.53,0.11,36.42,72,12,10,4,2020,4,2,73,72,61,73.5,64.04166666666667
Ahmedabad,10-04-2020 13:00,15.25,48.75,28.45,3.92,0.11,30.7,72,13,10,4,2020,4,2,72,73,61,73.33333333333333,64.5
Ahmedabad,10-04-2020 14:00,16.5,46.5,26.23,5.3,0.11,31.75,71,14,10,4,2020,4,2,72,75,61,72.66666666666667,64.91666666666667
Ahmedabad,10-04-2020 15:00,16.75,43.25,28.18,4.6,0.11,25.75,70,15,10,4,2020,4,2,71,75,61,71.83333333333333,65.29166666666667
Ahmedabad,10-04-2020 16:00,12.75,45.25,24.7,5.9,0.11,26.73,70,16,10,4,2020,4,2,70,73,61,71.33333333333333,65.66666666666667
Ahmedabad,10-04-2020 17:00,14.25,38.75,17.85,1.25,0.11,34.83,69,17,10,4,2020,4,2,70,73,61,70.66666666666667,66
Ahmedabad,10-04-2020 18:00,18.75,36,17.1,2.8,0.11,30.62,69,18,10,4,2020,4,2,69,72,61,70.16666666666667,66.33333333333333
Ahmedabad,10-04-2020 19:00,16.75,40.75,18.62,6.55,0.11,22.12,69,19,10,4,2020,4,2,69,72,61,69.66666666666667,66.66666666666667
Ahmedabad,10-04-2020 20:00,27.25,45.25,23.08,8,0.11,18.2,70,20,10,4,2020,4,2,69,71,52,69.5,67.41666666666667
Ahmedabad,10-04-2020 21:00,18.75,55.25,33.1,11.23,0.11,9.43,67,21,10,4,2020,4,2,70,70,52,69,68.04166666666667
Ahmedabad,10-04-2020 22:00,27,97.5,37.75,13.45,0.11,7.35,68,22,10,4,2020,4,2,67,70,52,68.66666666666667,68.70833333333333
Ahmedabad,10-04-2020 23:00,27,114,34.78,14.35,0.11,6.72,69,23,10,4,2020,4,2,68,69,54,68.66666666666667,69.33333333333333
Ahmedabad,11-04-2020 00:00,21,70,30.8,16.12,0.11,4.83,69,0,11,4,2020,5,2,69,69,56,68.66666666666667,69.875
Ahmedabad,11-04-2020 01:00,7.5,27.5,27.88,6.58,0.11,6.53,65,1,11,4,2020,5,2,69,69,60,68,70.08333333333333
Ahmedabad,11-04-2020 02:00,11.5,28.75,24.7,0.5,0.11,8.42,61,2,11,4,2020,5,2,65,70,64,66.5,69.95833333333333
Ahmedabad,11-04-2020 03:00,18.75,27.75,22.88,0.2,0.11,9.55,57,3,11,4,2020,5,2,61,67,68,64.83333333333333,69.5
Ahmedabad,11-04-2020 04:00,18.25,27.25,23.25,2.65,0.11,11.88,56,4,11,4,2020,5,2,57,68,69,62.833333333333336,68.95833333333333
Ahmedabad,11-04-2020 05:00,18.25,34,32.07,3.7,0.11,3.75,55,5,11,4,2020,5,2,56,69,70,60.5,68.33333333333333
Ahmedabad,11-04-2020 06:00,16.75,47.5,33.23,3.97,0.11,5.2,54,6,11,4,2020,5,2,55,69,72,58,67.58333333333333
Ahmedabad,11-04-2020 07:00,19.25,34.5,33.17,3.83,0.11,4.28,52,7,11,4,2020,5,2,54,65,73,55.833333333333336,66.70833333333333
Ahmedabad,11-04-2020 08:00,18.75,38,31.15,1.27,0.11,4.95,50,8,11,4,2020,5,2,52,61,75,54,65.66666666666667
Ahmedabad,11-04-2020 09:00,20,51.5,38.67,0.3,0.11,24.73,49,9,11,4,2020,5,2,50,57,75,52.66666666666666,64.58333333333333
Ahmedabad,11-04-2020 10:00,35.5,78.75,29.22,6.92,0.11,20.8,50,10,11,4,2020,5,2,49,56,73,51.66666666666666,63.625
Ahmedabad,11-04-2020 11:00,31.75,79.5,21.72,21.19,0.11,20.83,50,11,11,4,2020,5,2,50,55,73,50.833333333333336,62.66666666666666
Ahmedabad,11-04-2020 12:00,14.75,38.25,20.4,4.13,0.11,24.8,50,12,11,4,2020,5,2,50,54,72,50.16666666666666,61.75
Ahmedabad,11-04-2020 13:00,12,35,25.32,5.62,0.11,21.15,49,13,11,4,2020,5,2,50,52,72,49.66666666666666,60.79166666666666
Ahmedabad,11-04-2020 14:00,14.5,32,25.97,7.25,0.11,20.48,49,14,11,4,2020,5,2,49,50,71,49.5,59.875
Ahmedabad,11-04-2020 15:00,12.25,33,26.2,7.57,0.11,20.1,48,15,11,4,2020,5,2,49,49,70,49.333333333333336,58.958333333333336
Ahmedabad,11-04-2020 16:00,12,31.5,21.45,7.03,0.11,16.4,48,16,11,4,2020,5,2,48,50,70,49,58.04166666666666
Ahmedabad,11-04-2020 17:00,13.75,24.5,16.42,3.98,0.11,19.9,47,17,11,4,2020,5,2,48,50,69,48.5,57.125
Ahmedabad,11-04-2020 18:00,13.25,19,18,6.65,0.11,20.23,46,18,11,4,2020,5,2,47,50,69,47.833333333333336,56.16666666666666
Ahmedabad,11-04-2020 19:00,13.25,25,18.4,4.65,0.11,18.52,46,19,11,4,2020,5,2,46,49,69,47.333333333333336,55.208333333333336
Ahmedabad,11-04-2020 20:00,11,27,21.7,4.23,0.11,15.4,45,20,11,4,2020,5,2,46,49,70,46.66666666666666,54.16666666666666
Ahmedabad,11-04-2020 21:00,11,33,27.95,7.15,0.11,12.7,44,21,11,4,2020,5,2,45,48,67,46,53.208333333333336
Ahmedabad,11-04-2020 22:00,17,51.5,33.98,10.02,0.11,10.3,42,22,11,4,2020,5,2,44,48,68,45,52.125
Ahmedabad,11-04-2020 23:00,11,41,35.17,12.47,0.11,9.82,39,23,11,4,2020,5,2,42,47,69,43.66666666666666,50.875
Ahmedabad,12-04-2020 00:00,8.25,30.5,33.5,11.67,0.11,7.85,37,0,12,4,2020,6,2,39,46,69,42.16666666666666,49.54166666666666
Ahmedabad,12-04-2020 01:00,8.75,23.5,26.1,7.65,0.11,7.78,37,1,12,4,2020,6,2,37,46,65,40.66666666666666,48.375
Ahmedabad,12-04-2020 02:00,16.75,26.75,27.4,2.8,0.11,7.9,37,2,12,4,2020,6,2,37,45,61,39.333333333333336,47.375
Ahmedabad,12-04-2020 03:00,15.75,31.5,30.95,2.95,0.11,7,37,3,12,4,2020,6,2,37,44,57,38.16666666666666,46.54166666666666
Ahmedabad,12-04-2020 04:00,14.5,30.5,29.67,2.52,0.11,9.85,37,4,12,4,2020,6,2,37,42,56,37.333333333333336,45.75
Ahmedabad,12-04-2020 05:00,13.75,32,32.3,5.65,0.11,6.53,37,5,12,4,2020,6,2,37,39,55,37,45
Ahmedabad,12-04-2020 06:00,14.75,40,35.55,8.32,0.11,5.95,37,6,12,4,2020,6,2,37,37,54,37,44.29166666666666
Ahmedabad,12-04-2020 07:00,19,55.25,36.3,7.75,0.11,7.05,38,7,12,4,2020,6,2,37,37,52,37.16666666666666,43.708333333333336
Ahmedabad,12-04-2020 08:00,14.25,49.75,32.33,4.62,0.11,11.5,38,8,12,4,2020,6,2,38,37,50,37.333333333333336,43.208333333333336
Ahmedabad,12-04-2020 09:00,14,40,36.47,1.17,0.11,27.23,38,9,12,4,2020,6,2,38,37,49,37.5,42.75
Ahmedabad,12-04-2020 10:00,29.5,71.5,31.65,0.2,0.11,48.73,49,10,12,4,2020,6,2,38,37,50,39.5,42.708333333333336
Ahmedabad,12-04-2020 11:00,26.75,74,24.03,4.45,0.11,31.88,49,11,12,4,2020,6,2,49,37,50,41.5,42.66666666666666
Ahmedabad,12-04-2020 12:00,15,39.75,20.85,11.06,0.11,32.98,49,12,12,4,2020,6,2,49,37,50,43.5,42.625
Ahmedabad,12-04-2020 13:00,16,38.25,26.7,5.72,0.11,26.4,49,13,12,4,2020,6,2,49,38,49,45.333333333333336,42.625
Ahmedabad,12-04-2020 14:00,10,45,28.35,7.48,0.11,22.2,49,14,12,4,2020,6,2,49,38,49,47.16666666666666,42.625
Ahmedabad,12-04-2020 15:00,10.5,42,29.3,7.52,0.11,17.4,49,15,12,4,2020,6,2,49,38,48,49,42.66666666666666
Ahmedabad,12-04-2020 16:00,12,43.5,23.25,7.8,0.11,15.25,49,16,12,4,2020,6,2,49,49,48,49,42.708333333333336
Ahmedabad,12-04-2020 17:00,6,33.25,17.78,3.52,0.11,21.25,49,17,12,4,2020,6,2,49,49,47,49,42.79166666666666
Ahmedabad,12-04-2020 18:00,8.25,28.75,17.52,0.1,0.11,28.42,40,18,12,4,2020,6,2,49,49,46,47.5,42.54166666666666
Ahmedabad,12-04-2020 19:00,19.5,56.5,29.27,7.85,0.11,16.67,41,19,12,4,2020,6,2,40,49,46,46.16666666666666,42.333333333333336
Ahmedabad,12-04-2020 20:00,23.5,79,33.6,8.25,0.11,6.25,43,20,12,4,2020,6,2,41,49,45,45.16666666666666,42.25
Ahmedabad,12-04-2020 21:00,13,52,32.2,12.32,0.11,6.9,44,21,12,4,2020,6,2,43,49,44,44.333333333333336,42.25
Ahmedabad,12-04-2020 22:00,13,52.25,35.6,16.08,0.11,4.57,44,22,12,4,2020,6,2,44,49,42,43.5,42.333333333333336
Ahmedabad,12-04-2020 23:00,18.5,48.5,35.25,18.1,0.11,7.03,44,23,12,4,2020,6,2,44,49,39,42.66666666666666,42.54166666666666
Ahmedabad,13-04-2020 00:00,8,35,33.85,15.93,0.11,6.28,45,0,13,4,2020,0,2,44,40,37,43.5,42.875
Ahmedabad,13-04-2020 01:00,12.75,46.75,29.68,7.3,0.11,8.47,45,1,13,4,2020,0,2,45,41,37,44.16666666666666,43.208333333333336
Ahmedabad,13-04-2020 02:00,19.25,64.75,24.18,4.3,0.11,9.8,47,2,13,4,2020,0,2,45,43,37,44.833333333333336,43.625
Ahmedabad,13-04-2020 03:00,19.5,48.5,27.1,2.56,0.11,4.9,48,3,13,4,2020,0,2,47,44,37,45.5,44.083333333333336
Ahmedabad,13-04-2020 04:00,12.25,44,25.12,18.86,0.11,11.93,48,4,13,4,2020,0,2,48,44,37,46.16666666666666,44.54166666666666
Ahmedabad,13-04-2020 05:00,19.25,37.5,29.95,0.68,0.11,7.12,49,5,13,4,2020,0,2,48,44,37,47,45.04166666666666
Ahmedabad,13-04-2020 06:00,13.5,48,31.7,2.2,0.11,6.47,49,6,13,4,2020,0,2,49,45,37,47.66666666666666,45.54166666666666
Ahmedabad,13-04-2020 07:00,21.5,57.25,31.18,4.2,0.11,5.35,49,7,13,4,2020,0,2,49,45,38,48.333333333333336,46
Ahmedabad,13-04-2020 08:00,24.25,60.75,31.38,6.05,0.11,6.17,49,8,13,4,2020,0,2,49,47,38,48.66666666666666,46.458333333333336
Ahmedabad,13-04-2020 09:00,28.25,73.25,38.67,4.07,0.11,10.12,51,9,13,4,2020,0,2,49,48,38,49.16666666666666,47
Ahmedabad,13-04-2020 10:00,32.25,89.25,43.12,1.9,0.11,30.4,52,10,13,4,2020,0,2,51,48,49,49.833333333333336,47.125
Ahmedabad,13-04-2020 11:00,42,99,35.42,4.53,0.11,40.52,53,11,13,4,2020,0,2,52,49,49,50.5,47.29166666666666
Ahmedabad,13-04-2020 12:00,42,99,26.1,8.19,0.11,27.52,55,12,13,4,2020,0,2,53,49,49,51.5,47.54166666666666
Ahmedabad,13-04-2020 13:00,20.75,61.75,29.45,7.5,0.11,29.98,56,13,13,4,2020,0,2,55,49,49,52.66666666666666,47.833333333333336
Ahmedabad,13-04-2020 14:00,15,60.75,32.65,10.45,0.11,19.53,57,14,13,4,2020,0,2,56,49,49,54,48.16666666666666
Ahmedabad,13-04-2020 15:00,9,51,31.42,11.05,0.11,17.75,57,15,13,4,2020,0,2,57,51,49,55,48.5
Ahmedabad,13-04-2020 16:00,12.5,46.75,27.05,11.07,0.11,20.9,57,16,13,4,2020,0,2,57,52,49,55.833333333333336,48.833333333333336
Ahmedabad,13-04-2020 17:00,7.75,53,20.75,6.6,0.11,26,58,17,13,4,2020,0,2,57,53,49,56.66666666666666,49.208333333333336
Ahmedabad,13-04-2020 18:00,11.5,66.25,25.08,4.67,0.11,24.62,60,18,13,4,2020,0,2,58,55,40,57.5,50.04166666666666
Ahmedabad,13-04-2020 19:00,31.25,137.5,37.62,8.62,0.11,16,63,19,13,4,2020,0,2,60,56,41,58.66666666666666,50.958333333333336
Ahmedabad,13-04-2020 20:00,44.5,163.75,35.58,4.3,0.11,11.97,67,20,13,4,2020,0,2,63,57,43,60.333333333333336,51.958333333333336
Ahmedabad,13-04-2020 21:00,23,101.25,32.7,5.15,0.11,9.7,69,21,13,4,2020,0,2,67,57,44,62.333333333333336,53
Ahmedabad,13-04-2020 22:00,8.5,41.5,32.9,7.9,0.11,6.88,68,22,13,4,2020,0,2,69,57,44,64.16666666666667,54
Ahmedabad,13-04-2020 23:00,12,41.25,36,9.8,0.11,5.65,68,23,13,4,2020,0,2,68,58,44,65.83333333333333,55
Ahmedabad,14-04-2020 00:00,18,45,37,13.3,0.11,5.3,68,0,14,4,2020,1,2,68,60,45,67.16666666666667,55.958333333333336
Ahmedabad,14-04-2020 01:00,16.5,55.5,31.12,5.47,0.11,6.85,69,1,14,4,2020,1,2,68,63,45,68.16666666666667,56.958333333333336
Ahmedabad,14-04-2020 02:00,12,69,30.28,18.87,0.11,5.6,69,2,14,4,2020,1,2,69,67,47,68.5,57.875
Ahmedabad,14-04-2020 03:00,10.25,42.25,28.1,4.96,0.11,5.35,69,3,14,4,2020,1,2,69,69,48,68.5,58.75
Ahmedabad,14-04-2020 04:00,13,56.25,23.43,13.95,0.11,14.4,69,4,14,4,2020,1,2,69,68,48,68.66666666666667,59.625
Ahmedabad,14-04-2020 05:00,19,42,27.85,6.64,0.11,5.22,69,5,14,4,2020,1,2,69,68,49,68.83333333333333,60.458333333333336
Ahmedabad,14-04-2020 06:00,19,51,31.42,14.32,0.11,6.05,69,6,14,4,2020,1,2,69,68,49,69,61.29166666666666
Ahmedabad,14-04-2020 07:00,17.5,49.25,29.53,1.98,0.11,6.22,69,7,14,4,2020,1,2,69,69,49,69,62.125
Ahmedabad,14-04-2020 08:00,12.5,59.5,32.15,1.45,0.11,5.55,69,8,14,4,2020,1,2,69,69,49,69,62.958333333333336
Ahmedabad,14-04-2020 09:00,17.25,74.25,41.5,3.78,0.11,13.65,69,9,14,4,2020,1,2,69,69,51,69,63.708333333333336
Ahmedabad,14-04-2020 10:00,33.5,102.5,41.4,0.8,0.11,27.6,70,10,14,4,2020,1,2,69,69,52,69.16666666666667,64.45833333333333
Ahmedabad,14-04-2020 11:00,32.5,101.25,25.1,0.68,0.11,25.4,70,11,14,4,2020,1,2,70,69,53,69.33333333333333,65.16666666666667
Ahmedabad,14-04-2020 12:00,25.5,67,18.9,13.4,0.11,33.92,68,12,14,4,2020,1,2,70,69,55,69.16666666666667,65.70833333333333
Ahmedabad,14-04-2020 13:00,25.25,66.5,27.35,6.35,0.11,18.6,69,13,14,4,2020,1,2,68,69,56,69.16666666666667,66.25
Ahmedabad,14-04-2020 14:00,20,56,28.57,5.85,0.11,15.58,68,14,14,4,2020,1,2,69,69,57,69,66.70833333333333
Ahmedabad,14-04-2020 15:00,9,41.75,27.22,6.22,0.11,15.7,68,15,14,4,2020,1,2,68,69,57,68.83333333333333,67.16666666666667
Ahmedabad,14-04-2020 16:00,5.75,37.25,26.65,7.38,0.11,14.1,68,16,14,4,2020,1,2,68,70,57,68.5,67.625
Ahmedabad,14-04-2020 17:00,5,44,19.15,4.15,0.11,21.42,67,17,14,4,2020,1,2,68,70,58,68,68
Ahmedabad,14-04-2020 18:00,21.75,54.25,18.82,9.47,0.11,18.75,67,18,14,4,2020,1,2,67,68,60,67.83333333333333,68.29166666666667
Ahmedabad,14-04-2020 19:00,19.25,75.5,26.75,7,0.11,15,64,19,14,4,2020,1,2,67,69,63,67,68.33333333333333
Ahmedabad,14-04-2020 20:00,32.75,120.75,35.17,10.3,0.11,12.52,62,20,14,4,2020,1,2,64,68,67,66,68.125
Ahmedabad,14-04-2020 21:00,35,153,32.75,10,0.11,9.8,64,21,14,4,2020,1,2,62,68,69,65.33333333333333,67.91666666666667
Ahmedabad,14-04-2020 22:00,20,57.5,34.3,14.43,0.11,8.65,65,22,14,4,2020,1,2,64,68,68,64.83333333333333,67.79166666666667
Ahmedabad,14-04-2020 23:00,15,58,35.12,15.85,0.11,6.38,66,23,14,4,2020,1,2,65,67,68,64.66666666666667,67.70833333333333
Ahmedabad,15-04-2020 00:00,22,51,32.7,15.3,0.11,7.28,66,0,15,4,2020,2,2,66,67,68,64.5,67.625
Ahmedabad,15-04-2020 01:00,16.5,49.5,28.2,6.68,0.11,8.43,66,1,15,4,2020,2,2,66,64,69,64.83333333333333,67.5
Ahmedabad,15-04-2020 02:00,15.25,52.75,29.73,0.8,0.11,8.35,65,2,15,4,2020,2,2,66,62,69,65.33333333333333,67.33333333333333
Ahmedabad,15-04-2020 03:00,15.5,60.75,30.4,0.3,0.11,8.75,66,3,15,4,2020,2,2,65,64,69,65.66666666666667,67.20833333333333
Ahmedabad,15-04-2020 04:00,16.25,67.75,30.43,16.7,0.11,14.38,66,4,15,4,2020,2,2,66,65,69,65.83333333333333,67.08333333333333
Ahmedabad,15-04-2020 05:00,23.5,63.25,29.53,0.4,0.11,7.4,67,5,15,4,2020,2,2,66,66,69,66,67
Ahmedabad,15-04-2020 06:00,24.75,57.75,30.62,0.7,0.11,7.38,68,6,15,4,2020,2,2,67,66,69,66.33333333333333,66.95833333333333
Ahmedabad,15-04-2020 07:00,24,48.5,31.93,2.7,0.11,5.7,68,7,15,4,2020,2,2,68,66,69,66.66666666666667,66.91666666666667
Ahmedabad,15-04-2020 08:00,23.25,52.25,32.98,3.75,0.11,5.68,67,8,15,4,2020,2,2,68,65,69,67,66.83333333333333
Ahmedabad,15-04-2020 09:00,21.25,59,30.05,1.55,0.11,8.62,67,9,15,4,2020,2,2,67,66,69,67.16666666666667,66.75
Ahmedabad,15-04-2020 10:00,22.25,62.5,31.57,0.7,0.11,14.48,65,10,15,4,2020,2,2,67,66,70,67,66.54166666666667
Ahmedabad,15-04-2020 11:00,23,73.75,29.98,2,0.11,29.88,64,11,15,4,2020,2,2,65,67,70,66.5,66.29166666666667
Ahmedabad,15-04-2020 12:00,22,73.25,21.9,9.93,0.11,23.73,64,12,15,4,2020,2,2,64,68,68,65.83333333333333,66.125
Ahmedabad,15-04-2020 13:00,19.25,61.75,34.25,7.1,0.11,19.48,64,13,15,4,2020,2,2,64,68,69,65.16666666666667,65.91666666666667
Ahmedabad,15-04-2020 14:00,17.75,50.75,35.85,7.1,0.11,20,64,14,15,4,2020,2,2,64,67,68,64.66666666666667,65.75
Ahmedabad,15-04-2020 15:00,13.25,45.25,35.5,8.05,0.11,20.48,64,15,15,4,2020,2,2,64,67,68,64.16666666666667,65.58333333333333
Ahmedabad,15-04-2020 16:00,18,41.5,36.3,8.82,0.11,17.77,64,16,15,4,2020,2,2,64,65,68,64,65.41666666666667
Ahmedabad,15-04-2020 17:00,11,43.25,28.23,6.55,0.11,21.02,64,17,15,4,2020,2,2,64,64,67,64,65.29166666666667
Ahmedabad,15-04-2020 18:00,11.25,36.75,27.1,1.1,0.11,29.12,63,18,15,4,2020,2,2,64,64,67,63.833333333333336,65.125
Ahmedabad,15-04-2020 19:00,24.75,72.75,32.4,8.75,0.11,17.55,63,19,15,4,2020,2,2,63,64,64,63.66666666666666,65.08333333333333
Ahmedabad,15-04-2020 20:00,39.25,203,39.73,15.82,0.11,7.05,66,20,15,4,2020,2,2,63,64,62,64,65.25
Ahmedabad,15-04-2020 21:00,49,317,39.83,14.1,0.11,8.28,73,21,15,4,2020,2,2,66,64,64,65.5,65.625
Ahmedabad,15-04-2020 22:00,17,68,40.8,13.07,0.11,8.72,74,22,15,4,2020,2,2,73,64,65,67.16666666666667,66
Ahmedabad,15-04-2020 23:00,15.75,45,41.1,13.8,0.11,12.2,73,23,15,4,2020,2,2,74,64,66,68.66666666666667,66.29166666666667
Ahmedabad,16-04-2020 00:00,21,39,40.75,16.15,0.11,8.4,73,0,16,4,2020,3,2,73,63,66,70.33333333333333,66.58333333333333
Ahmedabad,16-04-2020 01:00,16,51.5,34.52,10.15,0.11,7,73,1,16,4,2020,3,2,73,63,66,72,66.875
Ahmedabad,16-04-2020 02:00,17.25,50.25,30.3,17.25,0.11,8.67,73,2,16,4,2020,3,2,73,66,65,73.16666666666667,67.20833333333333
Ahmedabad,16-04-2020 03:00,21,51,30.58,3.8,0.11,7.25,72,3,16,4,2020,3,2,73,73,66,73,67.45833333333333
Ahmedabad,16-04-2020 04:00,20.25,48.25,26.57,10.95,0.11,8.6,71,4,16,4,2020,3,2,72,74,66,72.5,67.66666666666667
Ahmedabad,16-04-2020 05:00,24.25,54.75,31.82,17.73,0.11,5.42,71,5,16,4,2020,3,2,71,73,67,72.16666666666667,67.83333333333333
Ahmedabad,16-04-2020 06:00,26.25,62.25,36,6.65,0.11,6.08,71,6,16,4,2020,3,2,71,73,68,71.83333333333333,67.95833333333333
Ahmedabad,16-04-2020 07:00,29,62,38.95,4.97,0.11,5.55,72,7,16,4,2020,3,2,71,73,68,71.66666666666667,68.125
Ahmedabad,16-04-2020 08:00,26,68,36.25,8.3,0.11,18.65,73,8,16,4,2020,3,2,72,73,67,71.66666666666667,68.375
Ahmedabad,16-04-2020 09:00,24,74,45.38,28.27,0.11,19.05,73,9,16,4,2020,3,2,73,72,67,71.83333333333333,68.625
Ahmedabad,16-04-2020 10:00,27.25,77.5,43.1,3.95,0.11,38.53,74,10,16,4,2020,3,2,73,71,65,72.33333333333333,69
Ahmedabad,16-04-2020 11:00,34,85,39.03,24.91,0.11,47.77,74,11,16,4,2020,3,2,74,71,64,72.83333333333333,69.41666666666667
Ahmedabad,16-04-2020 12:00,29,85.25,35.1,7.83,0.11,34.95,75,12,16,4,2020,3,2,74,71,64,73.5,69.875
Ahmedabad,16-04-2020 13:00,24,96.5,31.65,7.65,0.11,21.98,76,13,16,4,2020,3,2,75,72,64,74.16666666666667,70.375
Ahmedabad,16-04-2020 14:00,20.25,85.25,33.33,10.65,0.11,21.27,78,14,16,4,2020,3,2,76,73,64,75,70.95833333333333
Ahmedabad,16-04-2020 15:00,9,50.5,38.85,13.95,0.11,20.55,78,15,16,4,2020,3,2,78,73,64,75.83333333333333,71.54166666666667
Ahmedabad,16-04-2020 16:00,16.75,62,42.88,15.75,0.11,18.67,79,16,16,4,2020,3,2,78,74,64,76.66666666666667,72.16666666666667
Ahmedabad,16-04-2020 17:00,14,68,40.17,17.6,0.11,14.7,80,17,16,4,2020,3,2,79,74,64,77.66666666666667,72.83333333333333
Ahmedabad,16-04-2020 18:00,18.5,86.75,33.7,13.75,0.11,13.1,82,18,16,4,2020,3,2,80,75,63,78.83333333333333,73.625
Ahmedabad,16-04-2020 19:00,25,129,37.1,5.45,0.11,11.2,84,19,16,4,2020,3,2,82,76,63,80.16666666666667,74.5
Ahmedabad,16-04-2020 20:00,27,144.75,37.12,13.75,0.11,11.23,82,20,16,4,2020,3,2,84,78,66,80.83333333333333,75.16666666666667
Ahmedabad,16-04-2020 21:00,16.5,102,37.77,1.4,0.11,7.12,73,21,16,4,2020,3,2,82,78,73,80,75.16666666666667
Ahmedabad,16-04-2020 22:00,21.25,161.75,38.7,3.8,0.11,6.38,77,22,16,4,2020,3,2,73,79,74,79.66666666666667,75.29166666666667
Ahmedabad,16-04-2020 23:00,17.75,82,36.1,3.95,0.11,8.9,78,23,16,4,2020,3,2,77,80,73,79.33333333333333,75.5
Ahmedabad,17-04-2020 00:00,5,34,38.2,6.47,0.11,7.67,78,0,17,4,2020,4,2,78,82,73,78.66666666666667,75.70833333333333
Ahmedabad,17-04-2020 01:00,13.75,51,36.52,5.25,0.11,6.38,78,1,17,4,2020,4,2,78,84,73,77.66666666666667,75.91666666666667
Ahmedabad,17-04-2020 02:00,9.75,47.5,24.73,17.4,0.11,12.05,78,2,17,4,2020,4,2,78,82,73,77,76.125
Ahmedabad,17-04-2020 03:00,18,46,22.75,4.07,0.11,10.8,78,3,17,4,2020,4,2,78,73,72,77.83333333333333,76.375
Ahmedabad,17-04-2020 04:00,15,43.75,31.2,17.41,0.11,11.8,77,4,17,4,2020,4,2,78,77,71,77.83333333333333,76.625
Ahmedabad,17-04-2020 05:00,13.75,37.25,27.35,5.72,0.11,9.65,77,5,17,4,2020,4,2,77,78,71,77.66666666666667,76.875
Ahmedabad,17-04-2020 06:00,21.25,48.25,32.27,11.92,0.11,6.53,76,6,17,4,2020,4,2,77,78,71,77.33333333333333,77.08333333333333
Ahmedabad,17-04-2020 07:00,28.75,97.25,36.85,3.83,0.11,5.93,78,7,17,4,2020,4,2,76,78,72,77.33333333333333,77.33333333333333
Ahmedabad,17-04-2020 08:00,30.5,130.75,41.38,6.42,0.11,7.58,80,8,17,4,2020,4,2,78,78,73,77.66666666666667,77.625
Ahmedabad,17-04-2020 09:00,26.75,64,32.6,5.78,0.11,9.62,80,9,17,4,2020,4,2,80,78,73,78,77.91666666666667
Ahmedabad,17-04-2020 10:00,18.5,55.25,26.6,0.5,0.11,15.95,79,10,17,4,2020,4,2,80,77,74,78.33333333333333,78.125
Ahmedabad,17-04-2020 11:00,13.25,60.25,25.52,17.3,0.11,21.17,78,11,17,4,2020,4,2,79,77,74,78.5,78.29166666666667
Ahmedabad,17-04-2020 12:00,12.25,73.75,23.85,6,0.11,21.48,77,12,17,4,2020,4,2,78,76,75,78.66666666666667,78.375
Ahmedabad,17-04-2020 13:00,15.5,69.25,23.4,6.85,0.11,18.23,76,13,17,4,2020,4,2,77,78,76,78.33333333333333,78.375
Ahmedabad,17-04-2020 14:00,10.5,44.5,33.55,11.7,0.11,14.95,75,14,17,4,2020,4,2,76,80,78,77.5,78.25
Ahmedabad,17-04-2020 15:00,7,38.5,36.92,6.4,0.11,15.07,74,15,17,4,2020,4,2,75,80,78,76.5,78.08333333333333
Ahmedabad,17-04-2020 16:00,8,37.5,36.65,3.55,0.11,15.12,73,16,17,4,2020,4,2,74,79,79,75.5,77.83333333333333
Ahmedabad,17-04-2020 17:00,7.25,39.75,34.05,3.95,0.11,13.07,72,17,17,4,2020,4,2,73,78,80,74.5,77.5
Ahmedabad,17-04-2020 18:00,5,42,22.55,8.71,0.11,17.88,70,18,17,4,2020,4,2,72,77,82,73.33333333333333,77
Ahmedabad,17-04-2020 19:00,6,36.5,22.3,3.78,0.11,18.9,66,19,17,4,2020,4,2,70,76,84,71.66666666666667,76.25
Ahmedabad,17-04-2020 20:00,18.75,73.5,36.3,3.75,0.11,8.48,63,20,17,4,2020,4,2,66,75,82,69.66666666666667,75.45833333333333
Ahmedabad,17-04-2020 21:00,30,144,38.6,5.48,0.11,6.57,65,21,17,4,2020,4,2,63,74,73,68.16666666666667,75.125
Ahmedabad,17-04-2020 22:00,27,128,40.33,9.15,0.11,6.05,64,22,17,4,2020,4,2,65,73,77,66.66666666666667,74.58333333333333
Ahmedabad,17-04-2020 23:00,18.75,92,35.58,4.8,0.11,7.48,64,23,17,4,2020,4,2,64,72,78,65.33333333333333,74
Ahmedabad,18-04-2020 00:00,10.75,49.25,34.95,20.09,0.11,7.47,65,0,18,4,2020,5,2,64,70,78,64.5,73.45833333333333
Ahmedabad,18-04-2020 01:00,6,34.25,33.02,25.34,0.11,6.55,64,1,18,4,2020,5,2,65,66,78,64.16666666666667,72.875
Ahmedabad,18-04-2020 02:00,3,22.5,29.25,11.09,0.11,10,63,2,18,4,2020,5,2,64,63,78,64.16666666666667,72.25
Ahmedabad,18-04-2020 03:00,5.5,26.5,23.6,4.1,0.11,12.95,62,3,18,4,2020,5,2,63,65,78,63.66666666666666,71.58333333333333
Ahmedabad,18-04-2020 04:00,8,31.75,23.65,2.05,0.11,11.85,62,4,18,4,2020,5,2,62,64,77,63.333333333333336,70.95833333333333
Ahmedabad,18-04-2020 05:00,10.5,35.25,29.25,5.75,0.11,6.7,61,5,18,4,2020,5,2,62,64,77,62.833333333333336,70.29166666666667
Ahmedabad,18-04-2020 06:00,18,48,34.73,10.32,0.11,5.5,61,6,18,4,2020,5,2,61,65,76,62.16666666666666,69.66666666666667
Ahmedabad,18-04-2020 07:00,11,45.5,39.65,5.15,0.11,5.38,59,7,18,4,2020,5,2,61,64,78,61.333333333333336,68.875
Ahmedabad,18-04-2020 08:00,15.75,47.25,39.52,2.33,0.11,7.38,56,8,18,4,2020,5,2,59,63,80,60.16666666666666,67.875
Ahmedabad,18-04-2020 09:00,12.75,40.75,34.92,4.1,0.11,8.03,55,9,18,4,2020,5,2,56,62,80,59,66.83333333333333
Ahmedabad,18-04-2020 10:00,16,48,24.93,8.94,0.11,14.05,55,10,18,4,2020,5,2,55,62,79,57.833333333333336,65.83333333333333
Ahmedabad,18-04-2020 11:00,18,68.5,22.2,5.6,0.11,17.7,55,11,18,4,2020,5,2,55,61,78,56.833333333333336,64.875
Ahmedabad,18-04-2020 12:00,14,126.25,25.7,6.3,0.11,17.23,57,12,18,4,2020,5,2,55,61,77,56.16666666666666,64.04166666666667
Ahmedabad,18-04-2020 13:00,9.5,143.75,23.88,8.7,0.11,15.65,60,13,18,4,2020,5,2,57,59,76,56.333333333333336,63.375
Ahmedabad,18-04-2020 14:00,3,51.5,32.05,13.1,0.11,14.2,60,14,18,4,2020,5,2,60,56,75,57,62.75
Ahmedabad,18-04-2020 15:00,1,32,34.88,16.32,0.11,15.55,60,15,18,4,2020,5,2,60,55,74,57.833333333333336,62.16666666666666
Ahmedabad,18-04-2020 16:00,1.25,24,35.83,18.65,0.11,13.43,60,16,18,4,2020,5,2,60,55,73,58.66666666666666,61.625
Ahmedabad,18-04-2020 17:00,2.75,28,32.77,9.5,0.11,10.57,59,17,18,4,2020,5,2,60,55,72,59.333333333333336,61.083333333333336
Ahmedabad,18-04-2020 18:00,6,46.25,26.62,11.89,0.11,8.12,59,18,18,4,2020,5,2,59,57,70,59.66666666666666,60.625
Ahmedabad,18-04-2020 19:00,9,92,26.62,11.78,0.11,12.82,62,19,18,4,2020,5,2,59,60,66,60,60.458333333333336
Ahmedabad,18-04-2020 20:00,12.5,67,25.35,10.07,0.11,10.02,61,20,18,4,2020,5,2,62,60,63,60.16666666666666,60.375
Ahmedabad,18-04-2020 21:00,14.75,74.25,29.38,2.25,0.11,8.77,58,21,18,4,2020,5,2,61,60,65,59.833333333333336,60.083333333333336
Ahmedabad,18-04-2020 22:00,8,33,32.45,4.4,0.11,6.6,54,22,18,4,2020,5,2,58,60,64,58.833333333333336,59.66666666666666
Ahmedabad,18-04-2020 23:00,4,24,37.25,7.43,0.11,6.45,52,23,18,4,2020,5,2,54,59,64,57.66666666666666,59.16666666666666
Ahmedabad,19-04-2020 00:00,22,50.75,38.38,10.3,0.11,7.38,52,0,19,4,2020,6,2,52,59,65,56.5,58.625
Ahmedabad,19-04-2020 01:00,18,73.5,34.07,6.3,0.11,6.7,53,1,19,4,2020,6,2,52,62,64,55,58.16666666666666
Ahmedabad,19-04-2020 02:00,7.25,34.75,26.47,5.46,0.11,6.12,54,2,19,4,2020,6,2,53,61,63,53.833333333333336,57.79166666666666
Ahmedabad,19-04-2020 03:00,11.25,32.25,24.4,10.79,0.11,7.45,54,3,19,4,2020,6,2,54,58,62,53.16666666666666,57.458333333333336
Ahmedabad,19-04-2020 04:00,13,36.75,24.3,5.36,0.11,11.7,54,4,19,4,2020,6,2,54,54,62,53.16666666666666,57.125
Ahmedabad,19-04-2020 05:00,16,39,22.68,9.45,0.11,9.82,54,5,19,4,2020,6,2,54,52,61,53.5,56.833333333333336
Ahmedabad,19-04-2020 06:00,19.35,21,30.65,10.95,0.11,5.95,53,6,19,4,2020,6,2,54,52,61,53.66666666666666,56.5
Ahmedabad,19-04-2020 07:00,17,42.75,42.82,15.65,0.11,5.62,53,7,19,4,2020,6,2,53,53,59,53.66666666666666,56.25
Ahmedabad,19-04-2020 08:00,21.25,70.75,47.8,19.55,0.11,8.62,54,8,19,4,2020,6,2,53,54,56,53.66666666666666,56.16666666666666
Ahmedabad,19-04-2020 09:00,34.5,110.5,46.55,4.75,0.11,9.72,57,9,19,4,2020,6,2,54,54,55,54.16666666666666,56.25
Ahmedabad,19-04-2020 10:00,36,133,41.73,2.42,0.11,11.45,61,10,19,4,2020,6,2,57,54,55,55.333333333333336,56.5
Ahmedabad,19-04-2020 11:00,10.5,63.25,30.5,8.85,0.11,14.25,60,11,19,4,2020,6,2,61,54,55,56.333333333333336,56.708333333333336
Ahmedabad,19-04-2020 12:00,6,94,29,13.81,0.11,19.05,59,12,19,4,2020,6,2,60,53,57,57.333333333333336,56.79166666666666
Ahmedabad,19-04-2020 13:00,20.25,58.5,22.25,5.95,0.11,20,56,13,19,4,2020,6,2,59,53,60,57.833333333333336,56.625
Ahmedabad,19-04-2020 14:00,10.75,30,24.85,6.4,0.11,14.78,55,14,19,4,2020,6,2,56,54,60,58,56.41666666666666
Ahmedabad,19-04-2020 15:00,6.25,29.5,30.27,11.6,0.11,14.35,55,15,19,4,2020,6,2,55,57,60,57.66666666666666,56.208333333333336
Ahmedabad,19-04-2020 16:00,3.25,29.25,39.15,15.95,0.11,12.62,55,16,19,4,2020,6,2,55,61,60,56.66666666666666,56
Ahmedabad,19-04-2020 17:00,1,33,52.65,9.4,0.11,11.12,55,17,19,4,2020,6,2,55,60,59,55.833333333333336,55.833333333333336
Ahmedabad,19-04-2020 18:00,12.5,61,42.48,1.65,0.11,11.42,56,18,19,4,2020,6,2,55,59,59,55.333333333333336,55.708333333333336
Ahmedabad,19-04-2020 19:00,12.25,33.75,23.08,18.48,0.11,13.05,53,19,19,4,2020,6,2,56,56,62,54.833333333333336,55.333333333333336
Ahmedabad,19-04-2020 20:00,7.25,26,22.38,17.81,0.11,13.6,51,20,19,4,2020,6,2,53,55,61,54.16666666666666,54.91666666666666
Ahmedabad,19-04-2020 21:00,11.5,49.5,29.8,4.62,0.11,6.95,50,21,19,4,2020,6,2,51,55,58,53.333333333333336,54.583333333333336
Ahmedabad,19-04-2020 22:00,21.25,101,31.8,4.78,0.11,5.5,53,22,19,4,2020,6,2,50,55,54,53,54.54166666666666
Ahmedabad,19-04-2020 23:00,17,94.25,35.85,8.45,0.11,5.4,56,23,19,4,2020,6,2,53,55,52,53.16666666666666,54.708333333333336
Ahmedabad,20-04-2020 00:00,11,73.5,39.45,12.78,0.11,5.28,57,0,20,4,2020,0,2,56,56,52,53.333333333333336,54.91666666666666
Ahmedabad,20-04-2020 01:00,10.25,40.75,38.7,6.3,0.11,6.47,56,1,20,4,2020,0,2,57,53,53,53.833333333333336,55.04166666666666
Ahmedabad,20-04-2020 02:00,9.25,29,38.75,4.62,0.11,4.47,56,2,20,4,2020,0,2,56,51,54,54.66666666666666,55.125
Ahmedabad,20-04-2020 03:00,11.25,28,29.97,6.24,0.11,6,55,3,20,4,2020,0,2,56,50,54,55.5,55.16666666666666
Ahmedabad,20-04-2020 04:00,6,16,29.35,9.18,0.11,12.35,54,4,20,4,2020,0,2,55,53,54,55.66666666666666,55.16666666666666
Ahmedabad,20-04-2020 05:00,8,21.75,28.77,4.5,0.11,6.3,54,5,20,4,2020,0,2,54,56,54,55.333333333333336,55.16666666666666
Ahmedabad,20-04-2020 06:00,7.5,35,31.92,5.12,0.11,5.43,54,6,20,4,2020,0,2,54,57,53,54.833333333333336,55.208333333333336
Ahmedabad,20-04-2020 07:00,11.5,30,43.2,10.5,0.11,4.82,54,7,20,4,2020,0,2,54,56,53,54.5,55.25
Ahmedabad,20-04-2020 08:00,22.25,48.75,46.25,13.28,0.11,8.5,53,8,20,4,2020,0,2,54,56,54,54,55.208333333333336
Ahmedabad,20-04-2020 09:00,6,58,43.53,5.38,0.11,8.6,51,9,20,4,2020,0,2,53,55,57,53.333333333333336,54.958333333333336
Ahmedabad,20-04-2020 10:00,9.5,75.75,40.4,1.85,0.11,8.3,48,10,20,4,2020,0,2,51,54,61,52.333333333333336,54.41666666666666
Ahmedabad,20-04-2020 11:00,15.5,67.5,27.17,3.39,0.11,14.77,48,11,20,4,2020,0,2,48,54,60,51.333333333333336,53.91666666666666
Ahmedabad,20-04-2020 12:00,10.5,24.75,23.3,4.22,0.11,18.05,46,12,20,4,2020,0,2,48,54,59,50,53.375
Ahmedabad,20-04-2020 13:00,9.5,19.25,17.82,6.07,0.11,13.98,44,13,20,4,2020,0,2,46,54,56,48.333333333333336,52.875
Ahmedabad,20-04-2020 14:00,10.25,23.5,19.08,4.72,0.11,17.48,44,14,20,4,2020,0,2,44,53,55,46.833333333333336,52.41666666666666
Ahmedabad,20-04-2020 15:00,7.75,24,26.02,9.38,0.11,15.45,43,15,20,4,2020,0,2,44,51,55,45.5,51.91666666666666
Ahmedabad,20-04-2020 16:00,6,20,34.2,13.02,0.11,10.55,43,16,20,4,2020,0,2,43,48,55,44.66666666666666,51.41666666666666
Ahmedabad,20-04-2020 17:00,3,17.5,36.77,4.83,0.11,9.38,42,17,20,4,2020,0,2,43,48,55,43.66666666666666,50.875
Ahmedabad,20-04-2020 18:00,1,18,27.75,0.3,0.11,8.18,41,18,20,4,2020,0,2,42,46,56,42.833333333333336,50.25
Ahmedabad,20-04-2020 19:00,2,18.5,18.5,0.3,0.11,10.22,40,19,20,4,2020,0,2,41,44,53,42.16666666666666,49.708333333333336
Ahmedabad,20-04-2020 20:00,4.75,22.5,15.5,6.95,0.11,11.9,40,20,20,4,2020,0,2,40,44,51,41.5,49.25
Ahmedabad,20-04-2020 21:00,11.75,39,21.52,10.6,0.11,6.72,39,21,20,4,2020,0,2,40,43,50,40.833333333333336,48.79166666666666
Ahmedabad,20-04-2020 22:00,15,69.25,18.78,5.03,0.11,8.85,38,22,20,4,2020,0,2,39,43,53,40,48.16666666666666
Ahmedabad,20-04-2020 23:00,8.5,28.25,27.23,13.84,0.11,4.92,37,23,20,4,2020,0,2,38,42,56,39.16666666666666,47.375
Ahmedabad,21-04-2020 00:00,7,38,28.5,5.28,0.11,5.5,36,0,21,4,2020,1,2,37,41,57,38.333333333333336,46.5
Ahmedabad,21-04-2020 01:00,7.75,43.75,31.67,3.55,0.11,4.78,36,1,21,4,2020,1,2,36,40,56,37.66666666666666,45.66666666666666
Ahmedabad,21-04-2020 02:00,9.75,56.25,30.5,3.33,0.11,4.78,35,2,21,4,2020,1,2,36,40,56,36.833333333333336,44.79166666666666
Ahmedabad,21-04-2020 03:00,8.25,47.5,23,1,0.11,6.2,36,3,21,4,2020,1,2,35,39,55,36.333333333333336,44
Ahmedabad,21-04-2020 04:00,9,36.25,21.5,5.66,0.11,17.07,37,4,21,4,2020,1,2,36,38,54,36.16666666666666,43.29166666666666
Ahmedabad,21-04-2020 05:00,24.25,72,20.05,10.65,0.11,5.67,39,5,21,4,2020,1,2,37,37,54,36.5,42.66666666666666
Ahmedabad,21-04-2020 06:00,39.5,182.75,21.9,13.76,0.11,4.32,45,6,21,4,2020,1,2,39,36,54,38,42.29166666666666
Ahmedabad,21-04-2020 07:00,26.75,157.5,24.68,5.14,0.11,4.65,50,7,21,4,2020,1,2,45,36,54,40.333333333333336,42.125
Ahmedabad,21-04-2020 08:00,18.5,100.25,29.7,0.85,0.11,7.12,52,8,21,4,2020,1,2,50,35,53,43.16666666666666,42.083333333333336
Ahmedabad,21-04-2020 09:00,14,62.75,30.77,3.27,0.11,9.88,53,9,21,4,2020,1,2,52,36,51,46,42.16666666666666
Ahmedabad,21-04-2020 10:00,14,47,29.62,4.25,0.11,11.55,52,10,21,4,2020,1,2,53,37,48,48.5,42.333333333333336
Ahmedabad,21-04-2020 11:00,11.25,67.5,20.98,1.45,0.11,13.32,52,11,21,4,2020,1,2,52,39,48,50.66666666666666,42.5
Ahmedabad,21-04-2020 12:00,6.75,48.75,19.2,13.4,0.11,17.15,52,12,21,4,2020,1,2,52,45,46,51.833333333333336,42.75
Ahmedabad,21-04-2020 13:00,9,39.5,16.7,2.1,0.11,19.15,53,13,21,4,2020,1,2,52,50,44,52.333333333333336,43.125
Ahmedabad,21-04-2020 14:00,7.5,29,18.02,0.9,0.11,18.57,54,14,21,4,2020,1,2,53,52,44,52.66666666666666,43.54166666666666
Ahmedabad,21-04-2020 15:00,5,25,23.4,4.88,0.11,12.25,54,15,21,4,2020,1,2,54,53,43,52.833333333333336,44
Ahmedabad,21-04-2020 16:00,2,23,26.55,9.05,0.11,11.38,54,16,21,4,2020,1,2,54,52,43,53.16666666666666,44.458333333333336
Ahmedabad,21-04-2020 17:00,2,23.5,29.4,2.6,0.11,10.25,54,17,21,4,2020,1,2,54,52,42,53.5,44.958333333333336
Ahmedabad,21-04-2020 18:00,2,20,28,6.76,0.11,10.65,54,18,21,4,2020,1,2,54,52,41,53.833333333333336,45.5
Ahmedabad,21-04-2020 19:00,2,18,20.43,7.08,0.11,13,54,19,21,4,2020,1,2,54,53,40,54,46.083333333333336
Ahmedabad,21-04-2020 20:00,2,18,17.88,6.47,0.11,14.28,54,20,21,4,2020,1,2,54,54,40,54,46.66666666666666
Ahmedabad,21-04-2020 21:00,5.75,31.25,18.05,3.9,0.11,14.48,54,21,21,4,2020,1,2,54,54,39,54,47.29166666666666
Ahmedabad,21-04-2020 22:00,6,21,18.75,4.47,0.11,12.38,52,22,21,4,2020,1,2,54,54,38,53.66666666666666,47.875
Ahmedabad,21-04-2020 23:00,7.75,24.25,26.6,8.15,0.11,8.35,51,23,21,4,2020,1,2,52,54,37,53.16666666666666,48.458333333333336
Ahmedabad,22-04-2020 00:00,4.5,22.5,28.68,12.25,0.11,10.08,51,0,22,4,2020,2,2,51,54,36,52.66666666666666,49.083333333333336
Ahmedabad,22-04-2020 01:00,5.75,17.5,34.23,6.1,0.11,7.5,50,1,22,4,2020,2,2,51,54,36,52,49.66666666666666
Ahmedabad,22-04-2020 02:00,5.25,21.25,35.05,2.57,0.11,8.3,48,2,22,4,2020,2,2,50,54,35,51,50.208333333333336
Ahmedabad,22-04-2020 03:00,6,10.75,21.48,1.5,0.11,11.6,47,3,22,4,2020,2,2,48,54,36,49.833333333333336,50.66666666666666
Ahmedabad,22-04-2020 04:00,6.75,14.5,16.27,23.5,0.11,24.05,46,4,22,4,2020,2,2,47,52,37,48.833333333333336,51.04166666666666
Ahmedabad,22-04-2020 05:00,12,28.5,17.65,4.25,0.11,14.05,44,5,22,4,2020,2,2,46,51,39,47.66666666666666,51.25
Ahmedabad,22-04-2020 06:00,11.75,44.75,28.65,5.05,0.11,6.93,38,6,22,4,2020,2,2,44,51,45,45.5,50.958333333333336
Ahmedabad,22-04-2020 07:00,5.5,61.75,34.88,8.65,0.11,5.5,34,7,22,4,2020,2,2,38,50,50,42.833333333333336,50.29166666666666
Ahmedabad,22-04-2020 08:00,17.75,56,43.65,15.95,0.11,11.85,32,8,22,4,2020,2,2,34,48,52,40.16666666666666,49.458333333333336
Ahmedabad,22-04-2020 09:00,20,70.25,36.17,15.35,0.11,21.23,33,9,22,4,2020,2,2,32,47,53,37.833333333333336,48.625
Ahmedabad,22-04-2020 10:00,12.75,80.75,31.32,12.5,0.11,11.75,34,10,22,4,2020,2,2,33,46,52,35.833333333333336,47.875
Ahmedabad,22-04-2020 11:00,14,76.75,28.33,12.9,0.11,12.32,34,11,22,4,2020,2,2,34,44,52,34.166666666666664,47.125
Ahmedabad,22-04-2020 12:00,2.25,28.25,21.8,1.63,0.11,13.88,34,12,22,4,2020,2,2,34,38,52,33.5,46.375
Ahmedabad,22-04-2020 13:00,3.75,20.5,20.88,5,0.11,12.47,33,13,22,4,2020,2,2,34,34,53,33.333333333333336,45.54166666666666
Ahmedabad,22-04-2020 14:00,5.75,20.5,17.95,0.92,0.11,15.95,32,14,22,4,2020,2,2,33,32,54,33.333333333333336,44.625
Ahmedabad,22-04-2020 15:00,5.25,16.5,17.02,11.63,0.11,20.45,32,15,22,4,2020,2,2,32,33,54,33.166666666666664,43.708333333333336
Ahmedabad,22-04-2020 16:00,6,18,17.55,9.36,0.11,15,32,16,22,4,2020,2,2,32,34,54,32.833333333333336,42.79166666666666
Ahmedabad,22-04-2020 17:00,10,19,20.08,7.1,0.11,13.05,32,17,22,4,2020,2,2,32,34,54,32.5,41.875
Ahmedabad,22-04-2020 18:00,10.75,19,23.9,8.62,0.11,10.05,32,18,22,4,2020,2,2,32,34,54,32.166666666666664,40.958333333333336
Ahmedabad,22-04-2020 19:00,11,23,22.1,8.4,0.11,9.8,32,19,22,4,2020,2,2,32,33,54,32,40.04166666666666
Ahmedabad,22-04-2020 20:00,9,27,22,7.75,0.11,9.95,32,20,22,4,2020,2,2,32,32,54,32,39.125
Ahmedabad,22-04-2020 21:00,8.25,26.75,21.92,6.6,0.11,9.12,32,21,22,4,2020,2,2,32,32,54,32,38.208333333333336
Ahmedabad,22-04-2020 22:00,5.75,26.75,19.88,6.83,0.11,7.25,32,22,22,4,2020,2,2,32,32,52,32,37.375
Ahmedabad,22-04-2020 23:00,7,36.75,22.88,7.45,0.11,5.88,33,23,22,4,2020,2,2,32,32,51,32.166666666666664,36.625
Ahmedabad,23-04-2020 00:00,13,60,24.45,8,0.11,6.6,34,0,23,4,2020,3,2,33,32,51,32.5,35.916666666666664
Ahmedabad,23-04-2020 01:00,10,44,24.23,7.25,0.11,5.8,35,1,23,4,2020,3,2,34,32,50,33,35.291666666666664
Ahmedabad,23-04-2020 02:00,8,35,27.92,6.9,0.11,4.92,36,2,23,4,2020,3,2,35,32,48,33.666666666666664,34.791666666666664
Ahmedabad,23-04-2020 03:00,9.25,40,28.12,7.17,0.11,4,37,3,23,4,2020,3,2,36,32,47,34.5,34.375
Ahmedabad,23-04-2020 04:00,6.75,25.25,29.23,8.62,0.11,5.15,38,4,23,4,2020,3,2,37,32,46,35.5,34.041666666666664
Ahmedabad,23-04-2020 05:00,6,35,31.92,8.98,0.11,6.1,38,5,23,4,2020,3,2,38,33,44,36.333333333333336,33.791666666666664
Ahmedabad,23-04-2020 06:00,11.75,31,28.77,8.28,0.11,5.12,37,6,23,4,2020,3,2,38,34,38,36.833333333333336,33.75
Ahmedabad,23-04-2020 07:00,13.5,45,28.57,10.7,0.11,4.95,37,7,23,4,2020,3,2,37,35,34,37.16666666666666,33.875
Ahmedabad,23-04-2020 08:00,10.75,53.5,37.85,11.52,0.11,9.82,37,8,23,4,2020,3,2,37,36,32,37.333333333333336,34.083333333333336
Ahmedabad,23-04-2020 09:00,7,59.75,31.18,5.93,0.11,10.05,36,9,23,4,2020,3,2,37,37,33,37.16666666666666,34.208333333333336
Ahmedabad,23-04-2020 10:00,6.75,56.25,29.53,4,0.11,12.6,35,10,23,4,2020,3,2,36,38,34,36.66666666666666,34.25
Ahmedabad,23-04-2020 11:00,6,57,31,4.15,0.11,9.6,34,11,23,4,2020,3,2,35,38,34,36,34.25
Ahmedabad,23-04-2020 12:00,1,27,27.3,4.34,0.11,14.27,34,12,23,4,2020,3,2,34,37,34,35.5,34.25
Ahmedabad,23-04-2020 13:00,2.25,25.75,23.88,3.45,0.11,13.72,34,13,23,4,2020,3,2,34,37,33,35,34.291666666666664
Ahmedabad,23-04-2020 14:00,5,21,24.5,1.32,0.11,15.28,35,14,23,4,2020,3,2,34,37,32,34.666666666666664,34.416666666666664
Ahmedabad,23-04-2020 15:00,2.25,21,20.68,13.01,0.11,19.9,35,15,23,4,2020,3,2,35,36,32,34.5,34.541666666666664
Ahmedabad,23-04-2020 16:00,9,27,19.25,12.18,0.11,16.15,35,16,23,4,2020,3,2,35,35,32,34.5,34.666666666666664
Ahmedabad,23-04-2020 17:00,13,23.25,15.3,5.25,0.11,14.6,35,17,23,4,2020,3,2,35,34,32,34.666666666666664,34.791666666666664
Ahmedabad,23-04-2020 18:00,6.75,19.75,15,5.25,0.11,13.18,35,18,23,4,2020,3,2,35,34,32,34.833333333333336,34.916666666666664
Ahmedabad,23-04-2020 19:00,5.75,16.5,17.27,6.12,0.11,10.45,35,19,23,4,2020,3,2,35,34,32,35,35.041666666666664
Ahmedabad,23-04-2020 20:00,5.25,18,17.4,5.32,0.11,9.53,35,20,23,4,2020,3,2,35,35,32,35,35.166666666666664
Ahmedabad,23-04-2020 21:00,10,39,20.7,6.43,0.11,6.42,35,21,23,4,2020,3,2,35,35,32,35,35.291666666666664
Ahmedabad,23-04-2020 22:00,19.75,85,19.1,4.88,0.11,9.1,38,22,23,4,2020,3,2,35,35,32,35.5,35.541666666666664
Ahmedabad,23-04-2020 23:00,13,34,17.15,5.25,0.11,7.75,37,23,23,4,2020,3,2,38,35,33,35.833333333333336,35.708333333333336
Ahmedabad,24-04-2020 00:00,25.54,47.33,21.14,3.15,0.36,18.49,36,0,24,4,2020,4,2,37,35,34,36,35.791666666666664
Ahmedabad,24-04-2020 01:00,13.32,73.73,2.75,13.75,0.23,47.33,36,1,24,4,2020,4,2,36,35,35,36.16666666666666,35.833333333333336
Ahmedabad,24-04-2020 02:00,9,20.5,4.22,5.61,0,14.4,36,2,24,4,2020,4,2,36,35,36,36.333333333333336,35.833333333333336
Ahmedabad,24-04-2020 03:00,18.06,57.44,10.93,6.4,0.57,22.73,36,3,24,4,2020,4,2,36,35,37,36.5,35.791666666666664
Ahmedabad,24-04-2020 04:00,21.24,38.49,3.5,10.58,0.37,11.59,37,4,24,4,2020,4,2,36,38,38,36.333333333333336,35.75
Ahmedabad,24-04-2020 05:00,93.89,173.18,30.89,25.43,1.08,14.33,37,5,24,4,2020,4,2,37,37,38,36.333333333333336,35.708333333333336
Ahmedabad,24-04-2020 06:00,21.01,22.01,92.88,6.42,0.72,8.24,37,6,24,4,2020,4,2,37,36,37,36.5,35.708333333333336
Ahmedabad,24-04-2020 07:00,21.91,22.88,82.15,6.77,0.72,9.49,36,7,24,4,2020,4,2,37,36,37,36.5,35.666666666666664
Ahmedabad,27-04-2020 00:00,7,35,15.6,5.93,0.11,15.15,18,0,27,4,2020,0,2,36,36,37,33.5,34.875
Ahmedabad,27-04-2020 01:00,3,22.75,16.1,6.28,0.11,21.5,31,1,27,4,2020,0,2,18,36,36,32.666666666666664,34.666666666666664
Ahmedabad,27-04-2020 02:00,17.41,12.5,15.07,4.1,0.11,30.32,30,2,27,4,2020,0,2,31,37,35,31.5,34.458333333333336
Ahmedabad,27-04-2020 03:00,31.25,18.5,16.1,2.83,0.11,26.1,30,3,27,4,2020,0,2,30,37,34,30.33333333333333,34.291666666666664
Ahmedabad,27-04-2020 04:00,7,23.25,16.18,2.62,0.11,26.98,30,4,27,4,2020,0,2,30,37,34,29.166666666666668,34.125
Ahmedabad,27-04-2020 05:00,6.75,15.5,17.33,8.65,0.11,31.53,32,5,27,4,2020,0,2,30,36,34,28.5,34.041666666666664
Ahmedabad,27-04-2020 06:00,9.5,25.5,6.85,6.94,0,21.58,32,6,27,4,2020,0,2,32,18,35,30.83333333333333,33.916666666666664
Ahmedabad,27-04-2020 07:00,6,17,7.44,11,0.1,1.9,32,7,27,4,2020,0,2,32,31,35,31,33.791666666666664
Ahmedabad,27-04-2020 08:00,10,48.09,16.27,1.2,0.11,5.65,32,8,27,4,2020,0,2,32,30,35,31.33333333333333,33.666666666666664
Ahmedabad,27-04-2020 09:00,10.5,41.44,24.43,3.77,0.11,8.7,32,9,27,4,2020,0,2,32,30,35,31.666666666666668,33.541666666666664
Ahmedabad,27-04-2020 10:00,12.5,39.41,31.75,4.12,0.11,19.88,32,10,27,4,2020,0,2,32,30,35,32,33.416666666666664
Ahmedabad,27-04-2020 11:00,13,55,26.58,3.1,0.11,20.93,32,11,27,4,2020,0,2,32,32,35,32,33.291666666666664
Ahmedabad,27-04-2020 12:00,9.25,49.75,21.6,3.35,0.11,24.38,32,12,27,4,2020,0,2,32,32,35,32,33.166666666666664
Ahmedabad,27-04-2020 13:00,8.5,36.5,28.65,7.6,0.11,23.27,25,13,27,4,2020,0,2,32,32,35,30.83333333333333,32.75
Ahmedabad,27-04-2020 14:00,10.25,41.25,28.02,6.03,0.11,19.67,26,14,27,4,2020,0,2,25,32,38,29.83333333333333,32.25
Ahmedabad,27-04-2020 15:00,2,33,21.05,4.08,0.11,22.2,27,15,27,4,2020,0,2,26,32,37,29,31.83333333333333
Ahmedabad,27-04-2020 16:00,4,32.5,17.3,1.77,0.11,21.02,28,16,27,4,2020,0,2,27,32,36,28.33333333333333,31.5
Ahmedabad,27-04-2020 17:00,7.25,40.5,25.18,7.55,0.11,20.6,29,17,27,4,2020,0,2,28,32,36,27.83333333333333,31.20833333333333
Ahmedabad,27-04-2020 18:00,21.5,86.25,28.15,9.85,0.11,16.1,32,18,27,4,2020,0,2,29,32,36,27.83333333333333,31.041666666666668
Ahmedabad,27-04-2020 19:00,31,99.75,27.25,9.4,0.11,17.17,36,19,27,4,2020,0,2,32,25,36,29.666666666666668,31.041666666666668
Ahmedabad,27-04-2020 20:00,19,66,17.57,8.38,0.11,37.53,38,20,27,4,2020,0,2,36,26,37,31.666666666666668,31.08333333333333
Ahmedabad,27-04-2020 21:00,34.91,57.14,8.26,14.57,0.47,41.37,39,21,27,4,2020,0,2,38,27,37,33.666666666666664,31.166666666666668
Ahmedabad,27-04-2020 22:00,20.08,43.59,6.01,18.34,0.32,18.48,40,22,27,4,2020,0,2,39,28,37,35.666666666666664,31.291666666666668
Ahmedabad,27-04-2020 23:00,6.42,92.03,8.12,18.92,0.63,18.71,40,23,27,4,2020,0,2,40,29,36,37.5,31.45833333333333
Ahmedabad,28-04-2020 00:00,26.11,50.11,4.76,14.43,0.33,17.79,41,0,28,4,2020,1,2,40,32,18,39,32.416666666666664
Ahmedabad,28-04-2020 01:00,36.5,45.8,15.53,5.82,0.96,12.88,38,1,28,4,2020,1,2,41,36,31,39.333333333333336,32.708333333333336
Ahmedabad,28-04-2020 02:00,8.2,20.12,8.86,4.77,0.34,18.19,38,2,28,4,2020,1,2,38,38,30,39.333333333333336,33.041666666666664
Ahmedabad,28-04-2020 03:00,15.68,78.05,14.27,19.8,0.76,16.07,38,3,28,4,2020,1,2,38,39,30,39.16666666666666,33.375
Ahmedabad,28-04-2020 21:00,3,20.25,16.27,7.98,0.11,11.45,65,21,28,4,2020,1,2,38,40,30,43.333333333333336,34.833333333333336
Ahmedabad,28-04-2020 22:00,16,51.25,18.1,3.52,0.11,10.67,59,22,28,4,2020,1,2,65,40,32,46.5,35.958333333333336
Ahmedabad,28-04-2020 23:00,19.25,88,21.8,2.55,0.11,5.33,47,23,28,4,2020,1,2,59,41,32,47.5,36.583333333333336
Ahmedabad,29-04-2020 00:00,25,128.75,18.77,2.3,0.11,8.78,51,0,29,4,2020,2,2,47,38,32,49.66666666666666,37.375
Ahmedabad,29-04-2020 01:00,11,76,21.82,7.12,0.11,6.62,52,1,29,4,2020,2,2,51,38,32,52,38.208333333333336
Ahmedabad,29-04-2020 02:00,4.5,48.5,23.65,7.72,0.11,5.17,52,2,29,4,2020,2,2,52,38,32,54.333333333333336,39.04166666666666
Ahmedabad,29-04-2020 03:00,3.5,74.25,23.03,8.5,0.11,5.9,53,3,29,4,2020,2,2,52,65,32,52.333333333333336,39.91666666666666
Ahmedabad,29-04-2020 04:00,5.25,45.75,22.98,8.95,0.11,3.8,53,4,29,4,2020,2,2,53,59,32,51.333333333333336,40.79166666666666
Ahmedabad,29-04-2020 05:00,6,35.75,16.07,4.57,0.11,7.92,52,5,29,4,2020,2,2,53,47,32,52.16666666666666,41.625
Ahmedabad,29-04-2020 06:00,6,28.5,20.25,0.2,0.11,4.55,52,6,29,4,2020,2,2,52,51,25,52.333333333333336,42.75
Ahmedabad,29-04-2020 07:00,6.75,47.5,20.02,1.73,0.11,5.45,50,7,29,4,2020,2,2,52,52,26,52,43.75
Ahmedabad,29-04-2020 08:00,11.25,74,22.32,2.95,0.11,11,49,8,29,4,2020,2,2,50,52,27,51.5,44.66666666666666
Ahmedabad,29-04-2020 09:00,14.5,46.5,24.23,10.7,0.11,22.18,47,9,29,4,2020,2,2,49,53,28,50.5,45.458333333333336
Ahmedabad,29-04-2020 10:00,4,34.25,23.65,11.4,0.11,35.68,45,10,29,4,2020,2,2,47,53,29,49.16666666666666,46.125
Ahmedabad,29-04-2020 11:00,1,32.25,18.48,13.6,0.11,37.33,44,11,29,4,2020,2,2,45,52,32,47.833333333333336,46.625
Ahmedabad,29-04-2020 12:00,1,40,13.05,15.9,0.11,22.65,44,12,29,4,2020,2,2,44,52,36,46.5,46.958333333333336
Ahmedabad,29-04-2020 13:00,30.59,29.5,10.35,8.02,0.11,22.57,44,13,29,4,2020,2,2,44,50,38,45.5,47.208333333333336
Ahmedabad,29-04-2020 14:00,41.34,16.75,8.32,2.12,0.11,23.88,43,14,29,4,2020,2,2,44,49,39,44.5,47.375
Ahmedabad,29-04-2020 15:00,2,20.5,8.4,0.5,0.11,22.02,42,15,29,4,2020,2,2,43,47,40,43.66666666666666,47.458333333333336
Ahmedabad,29-04-2020 16:00,2.5,24.75,7.85,11.64,0.11,22.73,42,16,29,4,2020,2,2,42,45,40,43.16666666666666,47.54166666666666
Ahmedabad,29-04-2020 17:00,4.25,26,9.73,6.62,0.11,22.95,43,17,29,4,2020,2,2,42,44,41,43,47.625
Ahmedabad,29-04-2020 18:00,4,31,10.95,9.32,0.11,26.43,44,18,29,4,2020,2,2,43,44,38,43,47.875
Ahmedabad,29-04-2020 19:00,5,38,11.7,10.07,0.11,53.95,54,19,29,4,2020,2,2,44,44,38,44.66666666666666,48.54166666666666
Ahmedabad,29-04-2020 20:00,9.25,44,9.93,8.95,0.11,56.27,56,20,29,4,2020,2,2,54,43,38,46.833333333333336,49.29166666666666
Ahmedabad,29-04-2020 21:00,10,33.75,19.55,8.07,0.11,35.9,56,21,29,4,2020,2,2,56,42,65,49.16666666666666,48.91666666666666
Ahmedabad,29-04-2020 22:00,13,52.5,44.17,17.67,0.11,10.78,56,22,29,4,2020,2,2,56,42,59,51.5,48.79166666666666
Ahmedabad,29-04-2020 23:00,22,88.25,41.8,17.55,0.11,9.53,56,23,29,4,2020,2,2,56,43,47,53.66666666666666,49.16666666666666
Ahmedabad,30-04-2020 00:00,29,72,13,7.65,0.11,31,56,0,30,4,2020,3,2,56,44,51,55.66666666666666,49.375
Ahmedabad,30-04-2020 01:00,25.5,70.5,26.92,10.92,0.11,16.25,56,1,30,4,2020,3,2,56,54,52,56,49.54166666666666
Ahmedabad,30-04-2020 02:00,16.25,89.25,23.6,10.72,0.11,20.12,56,2,30,4,2020,3,2,56,56,52,56,49.708333333333336
Ahmedabad,30-04-2020 03:00,20,105,12.53,8.05,0.11,32.05,56,3,30,4,2020,3,2,56,56,53,56,49.833333333333336
Ahmedabad,30-04-2020 04:00,24,56.75,11.82,7.95,0.11,29.32,47,4,30,4,2020,3,2,56,56,53,54.5,49.583333333333336
Ahmedabad,30-04-2020 05:00,14.25,42.5,11.08,6.7,0.11,35.45,48,5,30,4,2020,3,2,47,56,52,53.16666666666666,49.41666666666666
Ahmedabad,30-04-2020 06:00,16.75,52.75,24.38,4.38,0.11,15.78,49,6,30,4,2020,3,2,48,56,52,52,49.29166666666666
Ahmedabad,30-04-2020 07:00,34,117.5,35.27,4.88,0.11,6.78,52,7,30,4,2020,3,2,49,56,50,51.333333333333336,49.375
Ahmedabad,30-04-2020 08:00,48.5,177,42.25,4.8,0.11,27.1,56,8,30,4,2020,3,2,52,56,49,51.333333333333336,49.66666666666666
Ahmedabad,30-04-2020 09:00,49.25,161.75,26.42,7.17,0.11,56.62,61,9,30,4,2020,3,2,56,56,47,52.16666666666666,50.25
Ahmedabad,30-04-2020 10:00,31.25,112.5,19.5,7.88,0.11,63.8,64,10,30,4,2020,3,2,61,47,45,55,51.04166666666666
Ahmedabad,30-04-2020 11:00,17,72.25,12.5,7,0.11,58.17,66,11,30,4,2020,3,2,64,48,44,58,51.958333333333336
Ahmedabad,30-04-2020 12:00,7.5,36.25,11.7,8.35,0.11,55.05,65,12,30,4,2020,3,2,66,49,44,60.66666666666666,52.833333333333336
Ahmedabad,30-04-2020 13:00,6,31.75,9.57,6.32,0.11,50.08,66,13,30,4,2020,3,2,65,52,44,63,53.75
Ahmedabad,30-04-2020 14:00,6,25,8.2,3,0.11,44.4,66,14,30,4,2020,3,2,66,56,43,64.66666666666667,54.708333333333336
Ahmedabad,30-04-2020 15:00,9.25,30,7.47,0.6,0.11,51.15,66,15,30,4,2020,3,2,66,61,42,65.5,55.708333333333336
Ahmedabad,30-04-2020 16:00,22.5,52.25,8.03,0.3,0.11,31.3,67,16,30,4,2020,3,2,66,64,42,66,56.75
Ahmedabad,30-04-2020 17:00,3.5,14.5,7.43,7.85,0.11,21.62,67,17,30,4,2020,3,2,67,66,43,66.16666666666667,57.75
Ahmedabad,30-04-2020 18:00,1,11.75,8.57,11.5,0.11,19.65,66,18,30,4,2020,3,2,67,65,44,66.33333333333333,58.66666666666666
Ahmedabad,30-04-2020 19:00,24.25,20,10.65,13.2,0.11,17.05,65,19,30,4,2020,3,2,66,66,54,66.16666666666667,59.125
Ahmedabad,30-04-2020 20:00,1,24.75,12,13.92,0.11,17.45,65,20,30,4,2020,3,2,65,66,56,66,59.5
Ahmedabad,30-04-2020 21:00,4.25,45.75,18.5,7.38,0.11,8.97,65,21,30,4,2020,3,2,65,66,56,65.83333333333333,59.875
Ahmedabad,30-04-2020 22:00,14.5,94.25,14.72,0.75,0.11,9.05,67,22,30,4,2020,3,2,65,67,56,65.83333333333333,60.333333333333336
Ahmedabad,30-04-2020 23:00,16.5,70.25,14.4,6.65,0.11,10.55,66,23,30,4,2020,3,2,67,67,56,65.66666666666667,60.75
Ahmedabad,01-05-2020 00:00,18,68,10.15,7.86,0.11,20.3,66,0,1,5,2020,4,2,66,66,56,65.66666666666667,61.16666666666666
Ahmedabad,01-05-2020 01:00,8,34.5,9.93,3.55,0.11,26.18,64,1,1,5,2020,4,2,66,65,56,65.5,61.5
Ahmedabad,01-05-2020 02:00,28.6,29.25,10.25,5.15,0.11,36.8,62,2,1,5,2020,4,2,64,65,56,65,61.75
Ahmedabad,01-05-2020 03:00,20,46.25,16.72,5.97,0.11,34.5,59,3,1,5,2020,4,2,62,65,56,64,61.875
Ahmedabad,01-05-2020 04:00,19.25,81,26.45,8.75,0.11,4.38,60,4,1,5,2020,4,2,59,67,47,62.833333333333336,62.41666666666666
Ahmedabad,01-05-2020 05:00,17.5,86,28.55,4.78,0.11,9.57,62,5,1,5,2020,4,2,60,66,48,62.16666666666666,63
Ahmedabad,01-05-2020 06:00,20.75,63.5,31.35,0.45,0.11,5.03,63,6,1,5,2020,4,2,62,66,49,61.66666666666666,63.583333333333336
Ahmedabad,01-05-2020 07:00,23.75,58.75,29.23,11.56,0.11,15.27,60,7,1,5,2020,4,2,63,64,52,61,63.91666666666666
Ahmedabad,01-05-2020 08:00,16.5,57.5,30.2,0.1,0.11,14.93,55,8,1,5,2020,4,2,60,62,56,59.833333333333336,63.875
Ahmedabad,01-05-2020 09:00,16,57,31.85,7.27,0.11,14.7,51,9,1,5,2020,4,2,55,59,61,58.5,63.458333333333336
Ahmedabad,01-05-2020 10:00,3.75,47.5,21.6,8.88,0.11,26.27,48,10,1,5,2020,4,2,51,60,64,56.5,62.79166666666666
Ahmedabad,01-05-2020 11:00,6.25,46.5,21.52,10.7,0.11,30.15,47,11,1,5,2020,4,2,48,62,66,54,62
Ahmedabad,01-05-2020 12:00,7,57,17.2,11.85,0.11,26.15,48,12,1,5,2020,4,2,47,63,65,51.5,61.29166666666666
Ahmedabad,01-05-2020 13:00,5.75,55.5,14.93,6.03,0.11,25.73,49,13,1,5,2020,4,2,48,60,66,49.66666666666666,60.583333333333336
Ahmedabad,01-05-2020 14:00,3,47.75,10.6,7.04,0.11,32.1,50,14,1,5,2020,4,2,49,55,66,48.833333333333336,59.91666666666666
Ahmedabad,01-05-2020 15:00,8.25,40.75,9.62,6.4,0.11,38.83,50,15,1,5,2020,4,2,50,51,66,48.66666666666666,59.25
Ahmedabad,01-05-2020 16:00,15.5,46.5,8.85,6.78,0.11,40.5,50,16,1,5,2020,4,2,50,48,67,49,58.54166666666666
Ahmedabad,01-05-2020 17:00,13,38.5,7.58,9.7,0.11,33.35,51,17,1,5,2020,4,2,50,47,67,49.66666666666666,57.875
Ahmedabad,01-05-2020 18:00,2.25,34.75,8.43,12.93,0.11,31.97,52,18,1,5,2020,4,2,51,48,66,50.333333333333336,57.29166666666666
Ahmedabad,01-05-2020 19:00,8.25,29,10.05,14.15,0.11,29.12,53,19,1,5,2020,4,2,52,49,65,51,56.79166666666666
Ahmedabad,01-05-2020 20:00,15,29.5,10.42,14.03,0.11,26.25,53,20,1,5,2020,4,2,53,50,65,51.5,56.29166666666666
Ahmedabad,01-05-2020 21:00,5,31.75,8.35,7.78,0.11,57.17,57,21,1,5,2020,4,2,53,50,65,52.66666666666666,55.958333333333336
Ahmedabad,01-05-2020 22:00,7.5,51.5,8,3.7,0.11,67.42,67,22,1,5,2020,4,2,57,50,67,55.5,55.958333333333336
Ahmedabad,01-05-2020 23:00,13.75,26.75,20.3,5.97,0.11,45.5,67,23,1,5,2020,4,2,67,51,66,58.16666666666666,56
Ahmedabad,02-05-2020 00:00,12.25,38.75,39.8,6.9,0.11,19.62,67,0,2,5,2020,5,2,67,52,66,60.66666666666666,56.04166666666666
Ahmedabad,02-05-2020 01:00,18.25,41.25,23.25,6.75,0.11,30.15,67,1,2,5,2020,5,2,67,53,64,63,56.16666666666666
Ahmedabad,02-05-2020 02:00,14,39.5,22.68,4.75,0.11,30.12,67,2,2,5,2020,5,2,67,53,62,65.33333333333333,56.375
Ahmedabad,02-05-2020 03:00,8.5,29.5,13.4,2.77,0.11,38.3,67,3,2,5,2020,5,2,67,57,59,67,56.708333333333336
Ahmedabad,02-05-2020 04:00,11.5,25,18.52,0.6,0.11,27.6,67,4,2,5,2020,5,2,67,67,60,67,57
Ahmedabad,02-05-2020 05:00,17.75,38.25,23.93,2.3,0.11,14.95,67,5,2,5,2020,5,2,67,67,62,67,57.208333333333336
Ahmedabad,02-05-2020 06:00,27.25,52.25,26.72,3.35,0.11,11,46,6,2,5,2020,5,2,67,67,63,63.5,56.5
Ahmedabad,02-05-2020 07:00,39,57.5,29.4,3.62,0.11,15.83,42,7,2,5,2020,5,2,46,67,60,59.333333333333336,55.75
Ahmedabad,02-05-2020 08:00,36,62,25.1,3.75,0.11,37.6,43,8,2,5,2020,5,2,42,67,55,55.333333333333336,55.25
Ahmedabad,02-05-2020 09:00,22.5,61.5,22.5,6.05,0.11,49.9,50,9,2,5,2020,5,2,43,67,51,52.5,55.208333333333336
Ahmedabad,02-05-2020 10:00,27,65,21.17,7.62,0.11,44.68,50,10,2,5,2020,5,2,50,67,48,49.66666666666666,55.29166666666666
Ahmedabad,02-05-2020 11:00,12.5,38.5,16.47,9.6,0.11,47.98,50,11,2,5,2020,5,2,50,67,47,46.833333333333336,55.41666666666666
Ahmedabad,02-05-2020 12:00,8.5,38.25,19.8,15.85,0.11,56.75,57,12,2,5,2020,5,2,50,46,48,48.66666666666666,55.79166666666666
Ahmedabad,02-05-2020 13:00,10,42,24.15,8.12,0.11,62.17,62,13,2,5,2020,5,2,57,42,49,52,56.333333333333336
Ahmedabad,02-05-2020 14:00,17.25,60.25,22.02,4.8,0.11,59.68,62,14,2,5,2020,5,2,62,43,50,55.16666666666666,56.833333333333336
Ahmedabad,02-05-2020 15:00,19.25,89.5,19.48,2.48,0.11,51,62,15,2,5,2020,5,2,62,50,50,57.16666666666666,57.333333333333336
Ahmedabad,02-05-2020 16:00,26,117.25,21.17,3.38,0.11,50.57,62,16,2,5,2020,5,2,62,50,50,59.16666666666666,57.833333333333336
Ahmedabad,02-05-2020 17:00,35.75,148.5,21.07,1.48,0.11,50.08,62,17,2,5,2020,5,2,62,50,51,61.16666666666666,58.29166666666666
Ahmedabad,02-05-2020 18:00,39.5,198.25,27.4,5.88,0.11,46.12,62,18,2,5,2020,5,2,62,57,52,62,58.708333333333336
Ahmedabad,02-05-2020 19:00,39,192.25,29.38,14.95,0.11,30.08,66,19,2,5,2020,5,2,62,62,53,62.66666666666666,59.25
Ahmedabad,02-05-2020 20:00,27.25,147.5,36.35,23.38,0.11,22.68,71,20,2,5,2020,5,2,66,62,53,64.16666666666667,60
Ahmedabad,02-05-2020 21:00,32.25,135,22.48,14.4,0.11,42.1,75,21,2,5,2020,5,2,71,62,57,66.33333333333333,60.75
Ahmedabad,02-05-2020 22:00,20.25,69,15.83,5.68,0.11,47.67,76,22,2,5,2020,5,2,75,62,67,68.66666666666667,61.125
Ahmedabad,02-05-2020 23:00,33.75,94.75,27.45,11.78,0.11,26.85,78,23,2,5,2020,5,2,76,62,67,71.33333333333333,61.583333333333336
Ahmedabad,03-05-2020 00:00,54,226,29.77,2.86,0.11,26.82,86,0,3,5,2020,6,2,78,62,67,75.33333333333333,62.375
Ahmedabad,03-05-2020 01:00,31.5,156,14.3,5.44,0.11,32.6,91,1,3,5,2020,6,2,86,66,67,79.5,63.375
Ahmedabad,03-05-2020 02:00,27,75,23.55,7.32,0.11,18.1,92,2,3,5,2020,6,2,91,71,67,83,64.41666666666667
Ahmedabad,03-05-2020 03:00,17,68,29.07,1.05,0.11,13.25,94,3,3,5,2020,6,2,92,75,67,86.16666666666667,65.54166666666667
Ahmedabad,03-05-2020 04:00,16.75,59.75,24.95,0.3,0.11,7.62,96,4,3,5,2020,6,2,94,76,67,89.5,66.75
Ahmedabad,03-05-2020 05:00,14.75,46,31.37,9.02,0.11,7.25,96,5,3,5,2020,6,2,96,78,67,92.5,67.95833333333333
Ahmedabad,03-05-2020 06:00,15,59.75,32.5,8.75,0.11,8.58,96,6,3,5,2020,6,2,96,86,46,94.16666666666669,70.04166666666667
Ahmedabad,03-05-2020 07:00,28.25,81.25,28.85,4.8,0.11,9.23,97,7,3,5,2020,6,2,96,91,42,95.16666666666669,72.33333333333333
Ahmedabad,03-05-2020 08:00,32,76,28.15,4.9,0.11,12.82,98,8,3,5,2020,6,2,97,92,43,96.16666666666669,74.625
Ahmedabad,03-05-2020 09:00,19.25,59.25,24.47,8.45,0.11,21.98,98,9,3,5,2020,6,2,98,94,50,96.83333333333331,76.625
Ahmedabad,03-05-2020 10:00,16.75,51.75,21.88,11.12,0.11,24.27,97,10,3,5,2020,6,2,98,96,50,97,78.58333333333333
Ahmedabad,03-05-2020 11:00,16,54,18.52,12.55,0.11,27.1,98,11,3,5,2020,6,2,97,96,50,97.33333333333331,80.58333333333333
Ahmedabad,03-05-2020 12:00,10,80.5,16.45,16.7,0.11,27.05,99,12,3,5,2020,6,2,98,96,57,97.83333333333331,82.33333333333333
Ahmedabad,03-05-2020 13:00,10.5,68.25,16.6,4.12,0.11,29.2,100,13,3,5,2020,6,2,99,97,62,98.33333333333331,83.91666666666667
Ahmedabad,03-05-2020 14:00,10.5,44.75,15.55,1.1,0.11,28.73,100,14,3,5,2020,6,2,100,98,62,98.66666666666669,85.5
Ahmedabad,03-05-2020 15:00,6,44,17.8,7,0.11,30.25,98,15,3,5,2020,6,2,100,98,62,98.66666666666669,87
Ahmedabad,03-05-2020 16:00,12,44,15.3,6.12,0.11,27.65,95,16,3,5,2020,6,2,98,97,62,98.33333333333331,88.375
Ahmedabad,03-05-2020 17:00,13.25,33,16.48,7.35,0.11,23.12,90,17,3,5,2020,6,2,95,98,62,97,89.54166666666667
Ahmedabad,03-05-2020 18:00,7,40.75,22.6,5.43,0.11,44.58,84,18,3,5,2020,6,2,90,99,62,94.5,90.45833333333331
Ahmedabad,03-05-2020 19:00,18.25,42,20.18,3.9,0.11,45.92,77,19,3,5,2020,6,2,84,100,66,90.66666666666669,90.91666666666669
Ahmedabad,03-05-2020 20:00,10.5,38.5,27.3,4.67,0.11,25.05,73,20,3,5,2020,6,2,77,100,71,86.16666666666667,91
Ahmedabad,03-05-2020 21:00,20,64,33.75,2.72,0.11,21.1,70,21,3,5,2020,6,2,73,98,75,81.5,90.79166666666669
Ahmedabad,03-05-2020 22:00,19.5,61,30.25,0.9,0.11,20.75,70,22,3,5,2020,6,2,70,95,76,77.33333333333333,90.54166666666669
Ahmedabad,03-05-2020 23:00,28,53.5,37.28,3.1,0.11,12.47,68,23,3,5,2020,6,2,70,90,78,73.66666666666667,90.125
Ahmedabad,04-05-2020 00:00,31,58,38.03,4.22,0.11,13.12,61,0,4,5,2020,0,2,68,84,86,69.83333333333333,89.08333333333333
Ahmedabad,04-05-2020 01:00,27.75,75.25,19.98,6.17,0.11,23.6,57,1,4,5,2020,0,2,61,77,91,66.5,87.66666666666667
Ahmedabad,04-05-2020 02:00,33,106,29.1,7.75,0.11,7.6,59,2,4,5,2020,0,2,57,73,92,64.16666666666667,86.29166666666667
Ahmedabad,04-05-2020 03:00,50.5,127,18.05,5.27,0.11,14,61,3,4,5,2020,0,2,59,70,94,62.66666666666666,84.91666666666667
Ahmedabad,04-05-2020 04:00,32.75,132.25,16.32,6.6,0.11,7.3,64,4,4,5,2020,0,2,61,70,96,61.66666666666666,83.58333333333333
Ahmedabad,04-05-2020 05:00,10.25,95.25,18.3,7.7,0.11,11.77,66,5,4,5,2020,0,2,64,68,96,61.333333333333336,82.33333333333333
Ahmedabad,04-05-2020 06:00,8.75,67.5,16.5,5.93,0.11,12.67,67,6,4,5,2020,0,2,66,61,96,62.333333333333336,81.125
Ahmedabad,04-05-2020 07:00,13.5,61.5,22.85,5.7,0.11,8.4,66,7,4,5,2020,0,2,67,57,97,63.833333333333336,79.83333333333333
Ahmedabad,04-05-2020 08:00,44.75,96.5,8.6,20.55,0.56,69.82,65,8,4,5,2020,0,2,66,59,98,64.83333333333333,78.45833333333333
Ahmedabad,04-05-2020 09:00,21,84,3.7,10.47,0.11,15.07,66,9,4,5,2020,0,2,65,61,98,65.66666666666667,77.125
Ahmedabad,04-05-2020 10:00,12,45,9,14.89,0.11,11.3,66,10,4,5,2020,0,2,66,64,97,66,75.83333333333333
Ahmedabad,04-05-2020 11:00,14.25,51.5,13.12,7.18,0.11,13.05,66,11,4,5,2020,0,2,66,66,98,66,74.5
Ahmedabad,04-05-2020 12:00,19.25,68.75,14,6.46,0.11,15.55,65,12,4,5,2020,0,2,66,67,99,65.66666666666667,73.08333333333333
Ahmedabad,04-05-2020 13:00,15.75,58,9.85,6.55,0.11,36.58,65,13,4,5,2020,0,2,65,66,100,65.5,71.625
Ahmedabad,04-05-2020 14:00,21,44.25,10.97,9.53,0.11,26.07,65,14,4,5,2020,0,2,65,65,100,65.5,70.16666666666667
Ahmedabad,04-05-2020 15:00,5,41.25,11.12,10.38,0.11,24.67,65,15,4,5,2020,0,2,65,66,98,65.33333333333333,68.79166666666667
Ahmedabad,04-05-2020 16:00,7,51,12.45,11.57,0.11,20.6,65,16,4,5,2020,0,2,65,66,95,65.16666666666667,67.54166666666667
Ahmedabad,04-05-2020 17:00,9,54,15.3,10.6,0.11,18.28,66,17,4,5,2020,0,2,65,66,90,65.16666666666667,66.54166666666667
Ahmedabad,04-05-2020 18:00,13.5,71,13.35,2.75,0.11,22.85,67,18,4,5,2020,0,2,66,65,84,65.5,65.83333333333333
Ahmedabad,04-05-2020 19:00,13.5,46,10.43,5.29,0.11,17.8,68,19,4,5,2020,0,2,67,65,77,66,65.45833333333333
Ahmedabad,04-05-2020 20:00,14.75,48.25,10.33,6.19,0.11,13.53,68,20,4,5,2020,0,2,68,65,73,66.5,65.25
Ahmedabad,04-05-2020 21:00,12.5,54.25,12.4,7.12,0.11,15.62,68,21,4,5,2020,0,2,68,65,70,67,65.16666666666667
Ahmedabad,04-05-2020 22:00,7.5,54.5,13.38,11.93,0.11,14.5,67,22,4,5,2020,0,2,68,65,70,67.33333333333333,65.04166666666667
Ahmedabad,04-05-2020 23:00,10,75,21.25,16.93,0.11,7.58,68,23,4,5,2020,0,2,67,66,68,67.66666666666667,65.04166666666667
Ahmedabad,05-05-2020 00:00,22,114,14.92,16.18,0.11,13.38,71,0,5,5,2020,1,2,68,67,61,68.33333333333333,65.45833333333333
Ahmedabad,05-05-2020 01:00,2.25,36.5,10.5,3.78,0.11,14.7,69,1,5,5,2020,1,2,71,68,57,68.5,65.95833333333333
Ahmedabad,05-05-2020 02:00,8.5,27.5,8.15,6.1,0.11,14,66,2,5,5,2020,1,2,69,68,59,68.16666666666667,66.25
Ahmedabad,05-05-2020 03:00,14.25,32,6.97,2.55,0.11,10.65,61,3,5,5,2020,1,2,66,68,61,67,66.25
Ahmedabad,05-05-2020 04:00,10.25,52.25,15.23,5.48,0.11,2.9,58,4,5,5,2020,1,2,61,67,64,65.5,66
Ahmedabad,05-05-2020 05:00,11.5,80.5,12.33,4.49,0.11,12.85,57,5,5,5,2020,1,2,58,68,66,63.66666666666666,65.625
Ahmedabad,05-05-2020 06:00,7.75,43.5,12.2,2.66,0.11,11.68,56,6,5,5,2020,1,2,57,71,67,61.16666666666666,65.16666666666667
Ahmedabad,05-05-2020 07:00,4,30,18.7,2.92,0.11,7.28,55,7,5,5,2020,1,2,56,69,66,58.833333333333336,64.70833333333333
Ahmedabad,05-05-2020 08:00,21.5,66.5,21.1,3.98,0.11,9.67,55,8,5,5,2020,1,2,55,66,65,57,64.29166666666667
Ahmedabad,05-05-2020 09:00,16.75,61.5,18.88,7,0.11,10.05,54,9,5,5,2020,1,2,55,61,66,55.833333333333336,63.79166666666666
Ahmedabad,05-05-2020 10:00,8,57.5,15.9,3.48,0.11,17.38,55,10,5,5,2020,1,2,54,58,66,55.333333333333336,63.333333333333336
Ahmedabad,05-05-2020 11:00,10.75,46.25,10.25,22.26,0.11,20.35,55,11,5,5,2020,1,2,55,57,66,55,62.875
Ahmedabad,05-05-2020 12:00,9,40.5,13.75,14.23,0.11,18.38,54,12,5,5,2020,1,2,55,56,65,54.66666666666666,62.41666666666666
Ahmedabad,05-05-2020 13:00,5.25,56.75,13.95,6.53,0.11,16.32,54,13,5,5,2020,1,2,54,55,65,54.5,61.958333333333336
Ahmedabad,05-05-2020 14:00,3,48.75,11.75,8.32,0.11,18.77,54,14,5,5,2020,1,2,54,55,65,54.333333333333336,61.5
Ahmedabad,05-05-2020 15:00,17.17,27,11.4,10.22,0.11,18.33,53,15,5,5,2020,1,2,54,54,65,54.16666666666666,61
Ahmedabad,05-05-2020 16:00,21.38,26,10.28,9.3,0.11,18.73,52,16,5,5,2020,1,2,53,55,65,53.66666666666666,60.458333333333336
Ahmedabad,05-05-2020 17:00,14.98,23.25,9.65,7.5,0.11,18.7,51,17,5,5,2020,1,2,52,55,66,53,59.833333333333336
Ahmedabad,05-05-2020 18:00,33.04,23.5,8.92,7.42,0.11,16.08,49,18,5,5,2020,1,2,51,54,67,52.16666666666666,59.083333333333336
Ahmedabad,05-05-2020 19:00,19.4,23.75,10.75,2.7,0.11,15.3,48,19,5,5,2020,1,2,49,54,68,51.16666666666666,58.25
Ahmedabad,05-05-2020 20:00,2,30,10.8,6.48,0.11,13.15,47,20,5,5,2020,1,2,48,54,68,50,57.375
Ahmedabad,05-05-2020 21:00,3,34.75,10.48,5.92,0.11,12.47,46,21,5,5,2020,1,2,47,53,68,48.833333333333336,56.458333333333336
Ahmedabad,05-05-2020 22:00,5,40.5,12.03,8.57,0.11,16.68,46,22,5,5,2020,1,2,46,52,67,47.833333333333336,55.583333333333336
Ahmedabad,05-05-2020 23:00,5,59,18.55,18.2,0.11,5.4,45,23,5,5,2020,1,2,46,51,68,46.833333333333336,54.625
Ahmedabad,06-05-2020 00:00,14,110,15.2,17.38,0.11,8.35,45,0,6,5,2020,2,2,45,49,71,46.16666666666666,53.54166666666666
Ahmedabad,06-05-2020 01:00,7,39,15.22,9.45,0.11,8.93,45,1,6,5,2020,2,2,45,48,69,45.66666666666666,52.54166666666666
Ahmedabad,06-05-2020 02:00,6.25,34.5,16.6,8.72,0.11,6.57,45,2,6,5,2020,2,2,45,47,66,45.333333333333336,51.66666666666666
Ahmedabad,06-05-2020 03:00,13,47.5,17.55,2.45,0.11,3.3,46,3,6,5,2020,2,2,45,46,61,45.333333333333336,51.04166666666666
Ahmedabad,06-05-2020 04:00,11.25,46.25,16.73,5.55,0.11,5.3,46,4,6,5,2020,2,2,46,46,58,45.333333333333336,50.54166666666666
Ahmedabad,06-05-2020 05:00,5,42.5,16.35,3.23,0.11,5,44,5,6,5,2020,2,2,46,45,57,45.16666666666666,50
Ahmedabad,06-05-2020 06:00,2.25,38,14.35,3.72,0.11,7.17,44,6,6,5,2020,2,2,44,45,56,45,49.5
Ahmedabad,06-05-2020 07:00,3.5,38,18.15,5.18,0.11,6.83,44,7,6,5,2020,2,2,44,45,55,44.833333333333336,49.04166666666666
Ahmedabad,06-05-2020 08:00,3.5,33.75,17.38,2.4,0.11,9.32,43,8,6,5,2020,2,2,44,45,55,44.5,48.54166666666666
Ahmedabad,06-05-2020 09:00,2,21.75,18.3,8.1,0.11,11.3,41,9,6,5,2020,2,2,43,46,54,43.66666666666666,48
Ahmedabad,06-05-2020 10:00,6,28.25,19.82,13.12,0.11,22.43,40,10,6,5,2020,2,2,41,46,55,42.66666666666666,47.375
Ahmedabad,06-05-2020 11:00,5.5,37,12.82,9.15,0.11,22.33,40,11,6,5,2020,2,2,40,44,55,42,46.75
Ahmedabad,06-05-2020 12:00,4,25,9.45,0.2,0.11,24.75,39,12,6,5,2020,2,2,40,44,54,41.16666666666666,46.125
Ahmedabad,06-05-2020 13:00,4.25,20.5,8.35,4.53,0.11,23.8,37,13,6,5,2020,2,2,39,44,54,40,45.41666666666666
Ahmedabad,06-05-2020 14:00,2,20.25,7.12,4.17,0.11,19.55,36,14,6,5,2020,2,2,37,43,54,38.833333333333336,44.66666666666666
Ahmedabad,06-05-2020 15:00,14.09,14.5,7.6,6.82,0.11,23.75,36,15,6,5,2020,2,2,36,41,53,38,43.958333333333336
Ahmedabad,06-05-2020 16:00,6,12.5,8.05,9.4,0.11,22.85,35,16,6,5,2020,2,2,36,40,52,37.16666666666666,43.25
Ahmedabad,06-05-2020 17:00,6.75,23.5,21.72,12.52,0.11,21.2,35,17,6,5,2020,2,2,35,40,51,36.333333333333336,42.583333333333336
Ahmedabad,06-05-2020 18:00,9,61,36.17,18.32,0.11,14.73,37,18,6,5,2020,2,2,35,39,49,36,42.083333333333336
Ahmedabad,06-05-2020 19:00,23.25,72.5,37.02,19.58,0.11,12,39,19,6,5,2020,2,2,37,37,48,36.333333333333336,41.708333333333336
Ahmedabad,06-05-2020 20:00,25.75,89.5,39.83,11.8,0.11,8.68,41,20,6,5,2020,2,2,39,36,47,37.16666666666666,41.458333333333336
Ahmedabad,06-05-2020 21:00,21,83,30.65,15.85,0.11,13.1,43,21,6,5,2020,2,2,41,36,46,38.333333333333336,41.333333333333336
Ahmedabad,06-05-2020 22:00,16.25,82.5,31.3,11.48,0.11,15.78,45,22,6,5,2020,2,2,43,35,46,40,41.29166666666666
Ahmedabad,06-05-2020 23:00,10.25,80,30.52,11.8,0.11,10.62,46,23,6,5,2020,2,2,45,35,45,41.833333333333336,41.333333333333336
Ahmedabad,07-05-2020 00:00,8.5,89.25,24.7,8.7,0.11,19.92,45,0,7,5,2020,3,2,46,37,45,43.16666666666666,41.333333333333336
Ahmedabad,07-05-2020 01:00,9.25,49.25,23.4,11,0.11,16.07,45,1,7,5,2020,3,2,45,39,45,44.16666666666666,41.333333333333336
Ahmedabad,07-05-2020 02:00,6.75,64.25,29.3,18.93,0.11,12.85,47,2,7,5,2020,3,2,45,41,45,45.16666666666666,41.41666666666666
Ahmedabad,07-05-2020 03:00,5.75,68.5,19.4,14.95,0.11,20.05,48,3,7,5,2020,3,2,47,43,46,46,41.5
Ahmedabad,07-05-2020 04:00,5,55.75,20.6,9.12,0.11,7.2,48,4,7,5,2020,3,2,48,45,46,46.5,41.583333333333336
Ahmedabad,07-05-2020 05:00,14.5,44,26.15,12.12,0.11,4.58,48,5,7,5,2020,3,2,48,46,44,46.833333333333336,41.75
Ahmedabad,07-05-2020 06:00,19.5,43.5,25.7,9.6,0.11,2.85,48,6,7,5,2020,3,2,48,45,44,47.333333333333336,41.91666666666666
Ahmedabad,07-05-2020 07:00,6,40.5,21.62,10.6,0.11,9.72,48,7,7,5,2020,3,2,48,45,44,47.833333333333336,42.083333333333336
Ahmedabad,07-05-2020 08:00,7.75,55,22.95,17.4,0.11,15.53,49,8,7,5,2020,3,2,48,47,43,48.16666666666666,42.333333333333336
Ahmedabad,07-05-2020 09:00,10.5,56.5,21.23,2.5,0.11,11.62,51,9,7,5,2020,3,2,49,48,41,48.66666666666666,42.75
Ahmedabad,07-05-2020 10:00,3,24.25,13.58,6.3,0.11,13.25,51,10,7,5,2020,3,2,51,48,40,49.16666666666666,43.208333333333336
Ahmedabad,07-05-2020 11:00,6,27.5,14.32,3.33,0.11,31.95,50,11,7,5,2020,3,2,51,48,40,49.5,43.625
Ahmedabad,07-05-2020 12:00,6.5,35.5,13.2,7.43,0.11,43.2,51,12,7,5,2020,3,2,50,48,39,50,44.125
Ahmedabad,07-05-2020 13:00,8,43,8.7,6.1,0.11,32.88,52,13,7,5,2020,3,2,51,48,37,50.66666666666666,44.75
Ahmedabad,07-05-2020 14:00,18.25,55.5,10.4,5.28,0.11,52.95,53,14,7,5,2020,3,2,52,49,36,51.333333333333336,45.458333333333336
Ahmedabad,07-05-2020 15:00,20.5,55.5,10.45,7.15,0.11,28.75,55,15,7,5,2020,3,2,53,51,36,52,46.25
Ahmedabad,07-05-2020 16:00,7.75,36,9.55,8.5,0.11,19.62,56,16,7,5,2020,3,2,55,51,35,52.833333333333336,47.125
Ahmedabad,07-05-2020 17:00,1,17.5,9.43,8.75,0.11,20.25,55,17,7,5,2020,3,2,56,50,35,53.66666666666666,47.958333333333336
Ahmedabad,07-05-2020 18:00,9.35,16,10.82,7.65,0.11,22.4,54,18,7,5,2020,3,2,55,51,37,54.16666666666666,48.66666666666666
Ahmedabad,07-05-2020 19:00,3.5,27.5,12.2,5.85,0.11,22.6,53,19,7,5,2020,3,2,54,52,39,54.333333333333336,49.25
Ahmedabad,07-05-2020 20:00,10.25,40.75,16.4,5.3,0.11,14.62,53,20,7,5,2020,3,2,53,53,41,54.333333333333336,49.75
Ahmedabad,07-05-2020 21:00,26,70,25.85,9.52,0.11,3.08,53,21,7,5,2020,3,2,53,55,43,54,50.16666666666666
Ahmedabad,07-05-2020 22:00,32.75,139.25,24.77,5.98,0.11,29.06,51,22,7,5,2020,3,2,53,56,45,53.16666666666666,50.41666666666666
Ahmedabad,07-05-2020 23:00,23,80.75,19.42,1.52,0.11,3.53,51,23,7,5,2020,3,2,51,55,46,52.5,50.625
Ahmedabad,08-05-2020 00:00,19,38,22.02,5.62,0.11,6.17,49,0,8,5,2020,4,2,51,54,45,51.66666666666666,50.79166666666666
Ahmedabad,08-05-2020 01:00,3,34,22.35,10.55,0.11,6.67,49,1,8,5,2020,4,2,49,53,45,51,50.958333333333336
Ahmedabad,08-05-2020 02:00,13.75,33.75,21.8,10.85,0.11,7.42,47,2,8,5,2020,4,2,49,53,47,50,50.958333333333336
Ahmedabad,08-05-2020 03:00,5,28.5,19.58,7.5,0.11,8.1,46,3,8,5,2020,4,2,47,53,48,48.833333333333336,50.875
Ahmedabad,08-05-2020 04:00,12.25,35,17.85,5.1,0.11,0.3,45,4,8,5,2020,4,2,46,51,48,47.833333333333336,50.75
Ahmedabad,08-05-2020 05:00,23.25,46,18.48,9.22,0.11,3.2,45,5,8,5,2020,4,2,45,51,48,46.833333333333336,50.625
Ahmedabad,08-05-2020 06:00,17,61,18.88,11.1,0.11,5.67,46,6,8,5,2020,4,2,45,49,48,46.333333333333336,50.54166666666666
Ahmedabad,08-05-2020 07:00,12.25,56.5,19.17,12.58,0.11,4.15,46,7,8,5,2020,4,2,46,49,48,45.833333333333336,50.458333333333336
Ahmedabad,08-05-2020 08:00,8,46,19.8,16.32,0.11,7.98,46,8,8,5,2020,4,2,46,47,49,45.66666666666666,50.333333333333336
Ahmedabad,08-05-2020 09:00,10,50,21.55,14.7,0.11,15.7,46,9,8,5,2020,4,2,46,46,51,45.66666666666666,50.125
Ahmedabad,08-05-2020 10:00,6.5,39.25,24.08,13.12,0.11,21.77,46,10,8,5,2020,4,2,46,45,51,45.833333333333336,49.91666666666666
Ahmedabad,08-05-2020 11:00,9.75,54.75,16.98,11.85,0.11,19.25,48,11,8,5,2020,4,2,46,45,50,46.333333333333336,49.833333333333336
Ahmedabad,08-05-2020 12:00,21,59.5,15.75,6.95,0.11,21.52,48,12,8,5,2020,4,2,48,46,51,46.66666666666666,49.708333333333336
Ahmedabad,08-05-2020 13:00,10.5,48,13.88,8.62,0.11,20.15,49,13,8,5,2020,4,2,48,46,52,47.16666666666666,49.583333333333336
Ahmedabad,08-05-2020 14:00,6,40,10.72,5.25,0.11,17.27,48,14,8,5,2020,4,2,49,46,53,47.5,49.375
Ahmedabad,08-05-2020 15:00,21.27,24,9.5,5.35,0.11,15.32,47,15,8,5,2020,4,2,48,46,55,47.66666666666666,49.04166666666666
Ahmedabad,08-05-2020 16:00,2,22.25,10.4,8.25,0.11,21.52,46,16,8,5,2020,4,2,47,46,56,47.66666666666666,48.625
Ahmedabad,08-05-2020 17:00,2,35.75,12.28,10.62,0.11,17.78,47,17,8,5,2020,4,2,46,48,55,47.5,48.29166666666666
Ahmedabad,08-05-2020 18:00,17,81,21.6,18.25,0.11,11,50,18,8,5,2020,4,2,47,48,54,47.833333333333336,48.125
Ahmedabad,08-05-2020 19:00,17,88.5,22.5,22.38,0.11,9.85,52,19,8,5,2020,4,2,50,49,53,48.333333333333336,48.083333333333336
Ahmedabad,08-05-2020 20:00,16,60.5,24.95,11.07,0.11,8.45,53,20,8,5,2020,4,2,52,48,53,49.16666666666666,48.083333333333336
Ahmedabad,08-05-2020 21:00,14.75,60.25,15.15,6.85,0.11,6.65,53,21,8,5,2020,4,2,53,47,53,50.16666666666666,48.083333333333336
Ahmedabad,08-05-2020 22:00,20,87.75,23.72,11.1,0.11,1.7,50,22,8,5,2020,4,2,53,46,51,50.833333333333336,48.04166666666666
Ahmedabad,08-05-2020 23:00,20,89,19.25,7.67,0.11,0.78,51,23,8,5,2020,4,2,50,47,51,51.5,48.04166666666666
Ahmedabad,09-05-2020 00:00,78.56,41,14.2,8.25,0.11,5.5,51,0,9,5,2020,5,2,51,50,49,51.66666666666666,48.125
Ahmedabad,09-05-2020 01:00,2,33.25,15.78,9.25,0.11,6.67,51,1,9,5,2020,5,2,51,52,49,51.5,48.208333333333336
Ahmedabad,09-05-2020 02:00,3.75,35.25,17.48,10.3,0.11,7.68,51,2,9,5,2020,5,2,51,53,47,51.16666666666666,48.375
Ahmedabad,09-05-2020 03:00,7.5,42.5,13.32,6.53,0.11,8.75,52,3,9,5,2020,5,2,51,53,46,51,48.625
Ahmedabad,09-05-2020 04:00,9.75,39.25,12.85,3.25,0.11,0.6,52,4,9,5,2020,5,2,52,50,45,51.333333333333336,48.91666666666666
Ahmedabad,09-05-2020 05:00,20.75,48.75,16.75,6.83,0.11,1.07,52,5,9,5,2020,5,2,52,51,45,51.5,49.208333333333336
Ahmedabad,09-05-2020 06:00,20.25,61.25,15.2,6.62,0.11,16.17,52,6,9,5,2020,5,2,52,51,46,51.66666666666666,49.458333333333336
Ahmedabad,09-05-2020 07:00,21,66.75,15.18,7.25,0.11,0.5,52,7,9,5,2020,5,2,52,51,46,51.833333333333336,49.708333333333336
Ahmedabad,09-05-2020 08:00,5,48.75,18.75,9.22,0.11,5.4,52,8,9,5,2020,5,2,52,51,46,52,49.958333333333336
Ahmedabad,09-05-2020 09:00,11.5,66,20.23,7.92,0.11,9.2,53,9,9,5,2020,5,2,52,52,46,52.16666666666666,50.25
Ahmedabad,09-05-2020 10:00,18,72,13.98,6.35,0.11,9.9,54,10,9,5,2020,5,2,53,52,46,52.5,50.583333333333336
Ahmedabad,09-05-2020 11:00,7.75,55,12.88,6.25,0.11,19.85,54,11,9,5,2020,5,2,54,52,48,52.833333333333336,50.833333333333336
Ahmedabad,09-05-2020 12:00,7,41.25,13,5.25,0.11,24.62,54,12,9,5,2020,5,2,54,52,48,53.16666666666666,51.083333333333336
Ahmedabad,09-05-2020 13:00,16,40.25,9.57,7.25,0.11,18.7,53,13,9,5,2020,5,2,54,52,49,53.333333333333336,51.25
Ahmedabad,09-05-2020 14:00,1,25.75,9.88,6.05,0.11,20.2,53,14,9,5,2020,5,2,53,52,48,53.5,51.458333333333336
Ahmedabad,09-05-2020 15:00,2.25,25.75,9,6,0.11,15.57,53,15,9,5,2020,5,2,53,53,47,53.5,51.708333333333336
Ahmedabad,09-05-2020 16:00,6,27.5,8.95,9.1,0.11,19.55,53,16,9,5,2020,5,2,53,54,46,53.333333333333336,52
Ahmedabad,09-05-2020 17:00,4.75,25.5,9.8,9.78,0.11,18.7,53,17,9,5,2020,5,2,53,54,47,53.16666666666666,52.25
Ahmedabad,09-05-2020 18:00,1,22.75,10.75,8.72,0.11,16.3,50,18,9,5,2020,5,2,53,54,50,52.5,52.25
Ahmedabad,09-05-2020 19:00,16,22,11.45,8.1,0.11,18.25,47,19,9,5,2020,5,2,50,53,52,51.5,52.04166666666666
Ahmedabad,09-05-2020 20:00,12.75,30.5,9.95,3.98,0.11,14.8,46,20,9,5,2020,5,2,47,53,53,50.333333333333336,51.75
Ahmedabad,09-05-2020 21:00,5.25,30.25,9.9,7.65,0.11,7.6,45,21,9,5,2020,5,2,46,53,53,49,51.41666666666666
Ahmedabad,09-05-2020 22:00,11.5,36.25,11.47,7.7,0.11,5.47,43,22,9,5,2020,5,2,45,53,50,47.333333333333336,51.125
Ahmedabad,09-05-2020 23:00,8.5,38.5,9.33,8.2,0.11,6.83,41,23,9,5,2020,5,2,43,53,51,45.333333333333336,50.708333333333336
Ahmedabad,10-05-2020 00:00,4,25,12.68,11.88,0.11,6.35,40,0,10,5,2020,6,2,41,50,51,43.66666666666666,50.25
Ahmedabad,10-05-2020 01:00,6,21.5,25.67,7.38,0.11,26.68,40,1,10,5,2020,6,2,40,47,51,42.5,49.79166666666666
Ahmedabad,10-05-2020 02:00,7,32.25,23.57,2.05,0.11,37.5,39,2,10,5,2020,6,2,40,46,51,41.333333333333336,49.29166666666666
Ahmedabad,10-05-2020 03:00,10,24,27.25,1.32,0.11,34.05,39,3,10,5,2020,6,2,39,45,52,40.333333333333336,48.75
Ahmedabad,10-05-2020 04:00,14.75,37.5,36.38,9.5,0.11,23.62,39,4,10,5,2020,6,2,39,43,52,39.66666666666666,48.208333333333336
Ahmedabad,10-05-2020 05:00,15.75,69.25,27.5,3.62,0.11,25.28,39,5,10,5,2020,6,2,39,41,52,39.333333333333336,47.66666666666666
Ahmedabad,10-05-2020 06:00,15.75,66,34.42,3.4,0.11,17.15,40,6,10,5,2020,6,2,39,40,52,39.333333333333336,47.16666666666666
Ahmedabad,10-05-2020 07:00,27.5,79,47.35,5.4,0.11,18.43,40,7,10,5,2020,6,2,40,40,52,39.333333333333336,46.66666666666666
Ahmedabad,10-05-2020 08:00,28.25,75,38.12,12.1,0.11,28.03,41,8,10,5,2020,6,2,40,39,52,39.66666666666666,46.208333333333336
Ahmedabad,10-05-2020 09:00,32.5,84.5,39.88,9,0.11,43.75,44,9,10,5,2020,6,2,41,39,53,40.5,45.833333333333336
Ahmedabad,10-05-2020 10:00,37.75,120.25,36.65,9.75,0.11,46.75,47,10,10,5,2020,6,2,44,39,54,41.833333333333336,45.54166666666666
Ahmedabad,10-05-2020 11:00,19,85.75,18.98,4.9,0.11,33.3,47,11,10,5,2020,6,2,47,39,54,43.16666666666666,45.25
Ahmedabad,10-05-2020 12:00,9.5,67,13.9,12.05,0.11,33.95,47,12,10,5,2020,6,2,47,40,54,44.333333333333336,44.958333333333336
Ahmedabad,10-05-2020 13:00,8,31,10.95,7.7,0.11,27.02,47,13,10,5,2020,6,2,47,40,53,45.5,44.708333333333336
Ahmedabad,10-05-2020 14:00,5.5,33.5,13.15,6.82,0.11,19.98,47,14,10,5,2020,6,2,47,41,53,46.5,44.458333333333336
Ahmedabad,10-05-2020 15:00,11.25,45.5,14.03,5.62,0.11,13.9,47,15,10,5,2020,6,2,47,44,53,47,44.208333333333336
Ahmedabad,10-05-2020 16:00,24,58.25,17.5,8.43,0.11,17.15,48,16,10,5,2020,6,2,47,47,53,47.16666666666666,44
Ahmedabad,10-05-2020 17:00,93.51,54.25,15.47,6.45,0.11,24.43,50,17,10,5,2020,6,2,48,47,53,47.66666666666666,43.875
Ahmedabad,10-05-2020 18:00,9,45,13.82,3.75,0.11,29.6,50,18,10,5,2020,6,2,50,47,50,48.16666666666666,43.875
Ahmedabad,10-05-2020 19:00,10.5,37.25,14.82,3.65,0.11,25.25,51,19,10,5,2020,6,2,50,47,47,48.833333333333336,44.04166666666666
Ahmedabad,10-05-2020 20:00,16.75,70.5,28.82,8.55,0.11,12,53,20,10,5,2020,6,2,51,47,46,49.833333333333336,44.333333333333336
Ahmedabad,10-05-2020 21:00,21.5,115,25.55,3.4,0.11,5.03,56,21,10,5,2020,6,2,53,47,45,51.333333333333336,44.79166666666666
Ahmedabad,10-05-2020 22:00,20,64,22.1,3.41,0.11,3.25,57,22,10,5,2020,6,2,56,48,43,52.833333333333336,45.375
Ahmedabad,10-05-2020 23:00,25.5,55.5,18.3,6.01,0.11,13.13,58,23,10,5,2020,6,2,57,50,41,54.16666666666666,46.083333333333336
Ahmedabad,11-05-2020 00:00,14.25,58,20.1,7.88,0.11,1.55,60,0,11,5,2020,0,2,58,50,40,55.833333333333336,46.91666666666666
Ahmedabad,11-05-2020 01:00,2.75,49.75,19.18,6.67,0.11,4.15,61,1,11,5,2020,0,2,60,51,40,57.5,47.79166666666666
Ahmedabad,11-05-2020 02:00,5,46.75,13.05,6.47,0.11,8.05,61,2,11,5,2020,0,2,61,53,39,58.833333333333336,48.708333333333336
Ahmedabad,11-05-2020 03:00,17.5,66,20.5,9.18,0.11,5.55,63,3,11,5,2020,0,2,61,56,39,60,49.708333333333336
Ahmedabad,11-05-2020 04:00,25.75,80.75,15.95,6.1,0.11,4.53,65,4,11,5,2020,0,2,63,57,39,61.333333333333336,50.79166666666666
Ahmedabad,11-05-2020 05:00,19,62.75,11.72,2.65,0.11,3.62,65,5,11,5,2020,0,2,65,58,39,62.5,51.875
Ahmedabad,11-05-2020 06:00,21.2,91.75,12.45,6.87,0.11,30.71,66,6,11,5,2020,0,2,65,60,40,63.5,52.958333333333336
Ahmedabad,11-05-2020 07:00,17.34,88.5,15.1,7.78,0.11,22.59,66,7,11,5,2020,0,2,66,61,40,64.33333333333333,54.04166666666666
Ahmedabad,11-05-2020 08:00,12.45,85.5,20.75,2.35,0.11,2.55,67,8,11,5,2020,0,2,66,61,41,65.33333333333333,55.125
Ahmedabad,11-05-2020 09:00,10.02,88.75,20.95,3.72,0.11,2.7,67,9,11,5,2020,0,2,67,63,44,66,56.083333333333336
Ahmedabad,11-05-2020 10:00,30.62,54.5,19.17,2.85,0.11,4.4,64,10,11,5,2020,0,2,67,65,47,65.83333333333333,56.79166666666666
Ahmedabad,11-05-2020 11:00,21.2,41.75,14.77,2,0.11,6.33,62,11,11,5,2020,0,2,64,65,47,65.33333333333333,57.41666666666666
Ahmedabad,11-05-2020 12:00,23.85,33.5,13.95,1.45,0.11,16.6,61,12,11,5,2020,0,2,62,66,47,64.5,58
Ahmedabad,11-05-2020 13:00,13.36,29.75,11.35,6.07,0.11,15.07,61,13,11,5,2020,0,2,61,66,47,63.66666666666666,58.583333333333336
Ahmedabad,11-05-2020 14:00,14.06,31.25,11.05,5.67,0.11,10.62,61,14,11,5,2020,0,2,61,67,47,62.66666666666666,59.16666666666666
Ahmedabad,11-05-2020 15:00,25.86,29,12.3,3.95,0.11,11.48,60,15,11,5,2020,0,2,61,67,47,61.5,59.708333333333336
Ahmedabad,11-05-2020 16:00,45.2,35.75,9.8,5.25,0.11,14.98,59,16,11,5,2020,0,2,60,64,48,60.66666666666666,60.16666666666666
Ahmedabad,11-05-2020 17:00,8.36,28.5,8.95,7.45,0.11,17.85,58,17,11,5,2020,0,2,59,62,50,60,60.5
Ahmedabad,11-05-2020 18:00,27.67,29.75,9.12,7.62,0.11,18.98,57,18,11,5,2020,0,2,58,61,50,59.333333333333336,60.79166666666666
Ahmedabad,11-05-2020 19:00,20.47,36.25,10.45,7.62,0.11,17.62,57,19,11,5,2020,0,2,57,61,51,58.66666666666666,61.04166666666666
Ahmedabad,11-05-2020 20:00,0.25,32.5,11,6.53,0.11,16.05,56,20,11,5,2020,0,2,57,61,53,57.833333333333336,61.16666666666666
Ahmedabad,11-05-2020 21:00,162.59,43,8.78,6.12,0.11,12.18,53,21,11,5,2020,0,2,56,60,56,56.66666666666666,61.04166666666666
Ahmedabad,11-05-2020 22:00,52.24,56,10.62,7.2,0.11,33.58,52,22,11,5,2020,0,2,53,59,57,55.5,60.833333333333336
Ahmedabad,11-05-2020 23:00,32.79,40.5,21.77,10.23,0.11,16.9,52,23,11,5,2020,0,2,52,58,58,54.5,60.583333333333336
Ahmedabad,12-05-2020 00:00,53.65,39,9,9.78,0.11,10.72,51,0,12,5,2020,1,2,52,57,60,53.5,60.208333333333336
Ahmedabad,12-05-2020 01:00,66.2,34,9.5,6.1,0.11,17.32,50,1,12,5,2020,1,2,51,57,61,52.333333333333336,59.75
Ahmedabad,12-05-2020 02:00,39,33.75,11.18,4.2,0.11,16.47,50,2,12,5,2020,1,2,50,56,61,51.333333333333336,59.29166666666666
Ahmedabad,12-05-2020 03:00,61.89,34.5,11.95,3.2,0.11,14.1,48,3,12,5,2020,1,2,50,53,63,50.5,58.66666666666666
Ahmedabad,12-05-2020 04:00,22.16,40.75,16,2.75,0.11,6.55,47,4,12,5,2020,1,2,48,52,65,49.66666666666666,57.91666666666666
Ahmedabad,12-05-2020 05:00,45.4,49.25,20.45,6.95,0.11,7.08,46,5,12,5,2020,1,2,47,52,65,48.66666666666666,57.125
Ahmedabad,12-05-2020 06:00,12.8,62.5,20.73,5.12,0.11,4.08,45,6,12,5,2020,1,2,46,51,66,47.66666666666666,56.25
Ahmedabad,12-05-2020 07:00,58.06,70.75,21.23,4.38,0.11,5.6,44,7,12,5,2020,1,2,45,50,66,46.66666666666666,55.333333333333336
Ahmedabad,12-05-2020 08:00,35.64,85,18.48,8.6,0.11,15.55,44,8,12,5,2020,1,2,44,50,67,45.66666666666666,54.375
Ahmedabad,12-05-2020 09:00,34,35,9.88,9.43,0.11,15.05,42,9,12,5,2020,1,2,44,48,67,44.66666666666666,53.333333333333336
Ahmedabad,12-05-2020 10:00,4,36,9.95,0.1,0.11,29.97,41,10,12,5,2020,1,2,42,47,64,43.66666666666666,52.375
Ahmedabad,12-05-2020 11:00,5.25,39,11.45,10.29,0.11,26.55,41,11,12,5,2020,1,2,41,46,62,42.833333333333336,51.5
Ahmedabad,12-05-2020 12:00,8.25,48.5,12.2,9.9,0.11,36.4,42,12,12,5,2020,1,2,41,45,61,42.333333333333336,50.708333333333336
Ahmedabad,12-05-2020 13:00,6,50,10.6,9.1,0.11,38.15,43,13,12,5,2020,1,2,42,44,61,42.16666666666666,49.958333333333336
Ahmedabad,12-05-2020 14:00,9.5,47.5,11.43,6.88,0.11,35.05,44,14,12,5,2020,1,2,43,44,61,42.16666666666666,49.25
Ahmedabad,12-05-2020 15:00,10.5,44.5,9.42,5.85,0.11,34.45,44,15,12,5,2020,1,2,44,42,60,42.5,48.583333333333336
Ahmedabad,12-05-2020 16:00,9,37,12.5,8.4,0.11,25.65,44,16,12,5,2020,1,2,44,41,59,43,47.958333333333336
Ahmedabad,12-05-2020 17:00,5,34,10.07,5.6,0.11,28.08,45,17,12,5,2020,1,2,44,41,58,43.66666666666666,47.41666666666666
Ahmedabad,12-05-2020 18:00,6.75,33.5,8.53,0.85,0.11,29.58,45,18,12,5,2020,1,2,45,42,57,44.16666666666666,46.91666666666666
Ahmedabad,12-05-2020 19:00,10.75,32.75,8.75,14.9,0.11,21.48,45,19,12,5,2020,1,2,45,43,57,44.5,46.41666666666666
Ahmedabad,12-05-2020 20:00,5.75,35.75,12.2,11.1,0.11,12.32,45,20,12,5,2020,1,2,45,44,56,44.66666666666666,45.958333333333336
Ahmedabad,12-05-2020 21:00,2,36.75,12.68,7.9,0.11,18.1,44,21,12,5,2020,1,2,45,44,53,44.66666666666666,45.583333333333336
Ahmedabad,12-05-2020 22:00,36.75,28.5,12.1,9.75,0.11,17.9,43,22,12,5,2020,1,2,44,44,52,44.5,45.208333333333336
Ahmedabad,12-05-2020 23:00,61.32,27.25,12.8,10.72,0.11,17.1,43,23,12,5,2020,1,2,43,45,52,44.16666666666666,44.833333333333336
Ahmedabad,13-05-2020 00:00,3,36.25,11.07,8.5,0.11,17.27,43,0,13,5,2020,2,2,43,45,51,43.833333333333336,44.5
Ahmedabad,13-05-2020 01:00,5,36.75,15.48,6.85,0.11,5.85,43,1,13,5,2020,2,2,43,45,50,43.5,44.208333333333336
Ahmedabad,13-05-2020 02:00,12,45.75,19,6.2,0.11,4.5,43,2,13,5,2020,2,2,43,45,50,43.16666666666666,43.91666666666666
Ahmedabad,13-05-2020 03:00,15,68.5,24.15,7.02,0.11,1.85,45,3,13,5,2020,2,2,43,44,48,43.333333333333336,43.79166666666666
Ahmedabad,13-05-2020 04:00,11.75,119.75,24.8,8.4,0.11,2.25,48,4,13,5,2020,2,2,45,43,47,44.16666666666666,43.833333333333336
Ahmedabad,13-05-2020 05:00,2,77,23.4,6.62,0.11,5.33,49,5,13,5,2020,2,2,48,43,46,45.16666666666666,43.958333333333336
Ahmedabad,13-05-2020 06:00,19,58.25,22,4.97,0.11,5.5,49,6,13,5,2020,2,2,49,43,45,46.16666666666666,44.125
Ahmedabad,13-05-2020 07:00,19,107.5,26.93,7.78,0.11,8.38,51,7,13,5,2020,2,2,49,43,44,47.5,44.41666666666666
Ahmedabad,13-05-2020 08:00,18.25,96,23.32,6.32,0.11,21.38,51,8,13,5,2020,2,2,51,43,44,48.833333333333336,44.708333333333336
Ahmedabad,13-05-2020 09:00,16,59.5,12.55,6.22,0.11,19.62,52,9,13,5,2020,2,2,51,45,42,50,45.125
Ahmedabad,13-05-2020 10:00,23.02,34.5,10.85,7.75,0.11,24.52,51,10,13,5,2020,2,2,52,48,41,50.5,45.54166666666666
Ahmedabad,13-05-2020 11:00,7.06,39.25,11.53,5.7,0.11,23.73,51,11,13,5,2020,2,2,51,49,41,50.833333333333336,45.958333333333336
Ahmedabad,13-05-2020 12:00,3,43,10.7,6.9,0.11,26.53,51,12,13,5,2020,2,2,51,49,42,51.16666666666666,46.333333333333336
Ahmedabad,13-05-2020 13:00,3,40,9.3,9.28,0.11,21.88,51,13,13,5,2020,2,2,51,51,43,51.16666666666666,46.66666666666666
Ahmedabad,13-05-2020 14:00,22.23,31,10.15,10.75,0.11,21.4,50,14,13,5,2020,2,2,51,51,44,51,46.91666666666666
Ahmedabad,13-05-2020 15:00,6.12,27.75,8.6,10.93,0.11,21,49,15,13,5,2020,2,2,50,52,44,50.5,47.125
Ahmedabad,13-05-2020 16:00,1,32.25,6.93,10.35,0.11,20.3,49,16,13,5,2020,2,2,49,51,44,50.16666666666666,47.333333333333336
Ahmedabad,13-05-2020 17:00,1.75,30.25,5.85,7.4,0.11,20.57,49,17,13,5,2020,2,2,49,51,45,49.833333333333336,47.5
Ahmedabad,13-05-2020 18:00,5.25,31.5,6.75,3.65,0.11,16.62,49,18,13,5,2020,2,2,49,51,45,49.5,47.66666666666666
Ahmedabad,13-05-2020 19:00,8.25,35.75,9.03,2.38,0.11,9.75,49,19,13,5,2020,2,2,49,51,45,49.16666666666666,47.833333333333336
Ahmedabad,13-05-2020 20:00,5.25,41.25,12.75,1.7,0.11,4.7,49,20,13,5,2020,2,2,49,50,45,49,48
Ahmedabad,13-05-2020 21:00,3,33,10.12,4.88,0.11,17.22,49,21,13,5,2020,2,2,49,49,44,49,48.208333333333336
Ahmedabad,13-05-2020 22:00,22.04,34.75,9.68,7.9,0.11,12.43,49,22,13,5,2020,2,2,49,49,43,49,48.458333333333336
Ahmedabad,13-05-2020 23:00,88.28,42,12.32,8.5,0.11,10.03,50,23,13,5,2020,2,2,49,49,43,49.16666666666666,48.75
Ahmedabad,14-05-2020 00:00,16.6,48,14.5,8.82,0.11,7.83,51,0,14,5,2020,3,2,50,49,43,49.5,49.083333333333336
Ahmedabad,14-05-2020 01:00,14,44.5,17.65,8.9,0.11,4.83,51,1,14,5,2020,3,2,51,49,43,49.833333333333336,49.41666666666666
Ahmedabad,14-05-2020 02:00,14,63.25,21.57,8.93,0.11,0.7,52,2,14,5,2020,3,2,51,49,43,50.333333333333336,49.79166666666666
Ahmedabad,14-05-2020 03:00,15.75,60.75,20.6,7.8,0.11,43.34,51,3,14,5,2020,3,2,52,49,45,50.66666666666666,50.04166666666666
Ahmedabad,14-05-2020 04:00,22,64.25,22.55,8.42,0.11,7.3,49,4,14,5,2020,3,2,51,49,48,50.66666666666666,50.083333333333336
Ahmedabad,14-05-2020 05:00,22,78.75,20.93,7.9,0.11,8.2,49,5,14,5,2020,3,2,49,50,49,50.5,50.083333333333336
Ahmedabad,14-05-2020 06:00,13.5,85.75,19.62,6.53,0.11,6.6,50,6,14,5,2020,3,2,49,51,49,50.333333333333336,50.125
Ahmedabad,14-05-2020 07:00,18,101.25,19.9,6.62,0.11,9.25,50,7,14,5,2020,3,2,50,51,51,50.16666666666666,50.083333333333336
Ahmedabad,14-05-2020 08:00,26,119.75,22.48,14.38,0.11,17.67,51,8,14,5,2020,3,2,50,52,51,50,50.083333333333336
Ahmedabad,14-05-2020 09:00,23,71.25,7.88,7.35,0.11,15.2,51,9,14,5,2020,3,2,51,51,52,50,50.04166666666666
Ahmedabad,14-05-2020 10:00,2,35.5,6.35,2.55,0.11,13.68,51,10,14,5,2020,3,2,51,49,51,50.333333333333336,50.04166666666666
Ahmedabad,14-05-2020 11:00,3,32.5,5.22,1.05,0.11,14.18,51,11,14,5,2020,3,2,51,49,51,50.66666666666666,50.04166666666666
Ahmedabad,14-05-2020 12:00,5.5,29.5,5.35,4.15,0.11,21.9,51,12,14,5,2020,3,2,51,50,51,50.833333333333336,50.04166666666666
Ahmedabad,14-05-2020 13:00,4.25,33.5,7.12,9.22,0.11,48.7,50,13,14,5,2020,3,2,51,50,51,50.833333333333336,50
Ahmedabad,14-05-2020 14:00,4.25,29.75,7.4,10.45,0.11,23.95,50,14,14,5,2020,3,2,50,51,50,50.66666666666666,50
Ahmedabad,14-05-2020 15:00,2,22.25,6.1,10.6,0.11,22.65,50,15,14,5,2020,3,2,50,51,49,50.5,50.04166666666666
Ahmedabad,14-05-2020 16:00,28.29,20,5.68,11.18,0.11,20.05,50,16,14,5,2020,3,2,50,51,49,50.333333333333336,50.083333333333336
Ahmedabad,14-05-2020 17:00,15.5,22.25,5.65,8.55,0.11,18.7,49,17,14,5,2020,3,2,50,51,49,50,50.083333333333336
Ahmedabad,14-05-2020 18:00,22.09,18,5.72,5,0.11,17.93,49,18,14,5,2020,3,2,49,51,49,49.66666666666666,50.083333333333336
Ahmedabad,14-05-2020 19:00,9,22.5,6.62,2.88,0.11,11.25,49,19,14,5,2020,3,2,49,50,49,49.5,50.083333333333336
Ahmedabad,14-05-2020 20:00,8.5,27,6.75,1.43,0.11,6.4,49,20,14,5,2020,3,2,49,50,49,49.333333333333336,50.083333333333336
Ahmedabad,14-05-2020 21:00,7,25,6.4,7.57,0.11,11.7,47,21,14,5,2020,3,2,49,50,49,48.833333333333336,50
Ahmedabad,14-05-2020 22:00,10.11,19.75,8.03,10.93,0.11,16.17,47,22,14,5,2020,3,2,47,50,49,48.333333333333336,49.91666666666666
Ahmedabad,14-05-2020 23:00,26.25,25.75,12.28,12.68,0.11,13.7,46,23,14,5,2020,3,2,47,49,50,47.833333333333336,49.75
Ahmedabad,15-05-2020 00:00,14.63,37,15.4,12.45,0.11,12.6,45,0,15,5,2020,4,2,46,49,51,47.16666666666666,49.5
Ahmedabad,15-05-2020 01:00,7.5,66.25,19.55,10.23,0.11,10.93,46,1,15,5,2020,4,2,45,49,51,46.66666666666666,49.29166666666666
Ahmedabad,15-05-2020 02:00,13,69,16.85,3.55,0.11,3.12,47,2,15,5,2020,4,2,46,49,52,46.333333333333336,49.083333333333336
Ahmedabad,15-05-2020 03:00,15.75,53.5,17.2,4.17,0.11,16.63,46,3,15,5,2020,4,2,47,47,51,46.16666666666666,48.875
Ahmedabad,15-05-2020 04:00,12.75,69.75,19.62,3.92,0.11,3,46,4,15,5,2020,4,2,46,47,49,46,48.75
Ahmedabad,15-05-2020 05:00,5.5,65.75,19.8,8.28,0.11,6.03,46,5,15,5,2020,4,2,46,46,49,46,48.625
Ahmedabad,15-05-2020 06:00,5.75,57.25,17.52,11.45,0.11,6.45,45,6,15,5,2020,4,2,46,45,50,46,48.41666666666666
Ahmedabad,15-05-2020 07:00,13.25,64.5,22.48,15.38,0.11,10.38,43,7,15,5,2020,4,2,45,46,50,45.5,48.125
Ahmedabad,15-05-2020 08:00,20,75,29.62,27.25,0.11,27.3,41,8,15,5,2020,4,2,43,47,51,44.5,47.708333333333336
Ahmedabad,15-05-2020 09:00,25,90.25,11.18,6.95,0.11,27.18,42,9,15,5,2020,4,2,41,46,51,43.833333333333336,47.333333333333336
Ahmedabad,15-05-2020 10:00,16,40,5.92,0.4,0.11,17.45,42,10,15,5,2020,4,2,42,46,51,43.16666666666666,46.958333333333336
Ahmedabad,15-05-2020 11:00,49.12,21.5,6.22,7.35,0.11,18.42,42,11,15,5,2020,4,2,42,46,51,42.5,46.583333333333336
Ahmedabad,15-05-2020 12:00,14,23.25,6.05,5.1,0.11,20.2,42,12,15,5,2020,4,2,42,45,51,42,46.208333333333336
Ahmedabad,15-05-2020 13:00,11.5,32.5,8.18,10.43,0.11,45.72,46,13,15,5,2020,4,2,42,43,50,42.5,46.04166666666666
Ahmedabad,15-05-2020 14:00,4,29.75,8.28,14.5,0.11,35.33,46,14,15,5,2020,4,2,46,41,50,43.333333333333336,45.875
Ahmedabad,15-05-2020 15:00,28.71,24.5,7.78,15.28,0.11,32.45,46,15,15,5,2020,4,2,46,42,50,44,45.708333333333336
Ahmedabad,15-05-2020 16:00,95.09,19.75,6.3,15.95,0.11,28.65,46,16,15,5,2020,4,2,46,42,50,44.66666666666666,45.54166666666666
Ahmedabad,15-05-2020 17:00,16,18.25,6.45,8.62,0.11,20.97,46,17,15,5,2020,4,2,46,42,49,45.333333333333336,45.41666666666666
Ahmedabad,15-05-2020 18:00,17,17.75,6.4,2.5,0.11,17.58,46,18,15,5,2020,4,2,46,42,49,46,45.29166666666666
Ahmedabad,15-05-2020 19:00,1,26.5,5.95,0.92,0.11,13.53,46,19,15,5,2020,4,2,46,46,49,46,45.16666666666666
Ahmedabad,15-05-2020 20:00,1,37.25,6.3,14.79,0.11,7.83,46,20,15,5,2020,4,2,46,46,49,46,45.04166666666666
Ahmedabad,15-05-2020 21:00,26.24,34.5,5.8,6.38,0.11,11.02,42,21,15,5,2020,4,2,46,46,47,45.333333333333336,44.833333333333336
Ahmedabad,15-05-2020 22:00,14.11,22,6,12,0.11,16.77,43,22,15,5,2020,4,2,42,46,47,44.833333333333336,44.66666666666666
Ahmedabad,15-05-2020 23:00,13.22,15,6.12,13.1,0.11,19.23,42,23,15,5,2020,4,2,43,46,46,44.16666666666666,44.5
Ahmedabad,16-05-2020 00:00,142.44,11.5,5.6,13.85,0.11,18.7,41,0,16,5,2020,5,2,42,46,45,43.333333333333336,44.333333333333336
Ahmedabad,16-05-2020 01:00,2,14.25,8.8,11.73,0.11,17.88,39,1,16,5,2020,5,2,41,46,46,42.16666666666666,44.04166666666666
Ahmedabad,16-05-2020 02:00,2,27,18.9,7.65,0.11,5.62,37,2,16,5,2020,5,2,39,46,47,40.66666666666666,43.625
Ahmedabad,16-05-2020 03:00,11.6,14.14,20.25,5.26,0.8,21.88,36,3,16,5,2020,5,2,37,42,46,39.66666666666666,43.208333333333336
Ahmedabad,16-05-2020 04:00,32.99,58.2,17.56,9.95,0.75,43.77,35,4,16,5,2020,5,2,36,43,46,38.333333333333336,42.75
Ahmedabad,16-05-2020 05:00,7.92,18.06,5.88,5.23,0.34,33.32,33,5,16,5,2020,5,2,35,42,46,36.833333333333336,42.208333333333336
Ahmedabad,16-05-2020 06:00,27.14,2.97,3.65,3.37,0.83,41.43,32,6,16,5,2020,5,2,33,41,45,35.333333333333336,41.66666666666666
Ahmedabad,16-05-2020 07:00,32.64,70.57,13.69,17.52,0.83,13.87,31,7,16,5,2020,5,2,32,39,43,34,41.16666666666666
Ahmedabad,16-05-2020 08:00,13.22,55.54,7.63,13.19,0.35,12.68,28,8,16,5,2020,5,2,31,37,41,32.5,40.625
Ahmedabad,16-05-2020 09:00,7.32,10.39,1.61,4.95,0.09,21.21,24,9,16,5,2020,5,2,28,36,42,30.5,39.875
Ahmedabad,16-05-2020 10:00,2,33.75,6.58,1.23,0.11,21.15,24,10,16,5,2020,5,2,24,35,42,28.666666666666668,39.125
Ahmedabad,16-05-2020 11:00,10.16,25.5,6.45,7,0.11,14.3,24,11,16,5,2020,5,2,24,33,42,27.166666666666668,38.375
Ahmedabad,16-05-2020 12:00,35.7,21.75,7.25,8.15,0.11,17.33,24,12,16,5,2020,5,2,24,32,42,25.83333333333333,37.625
Ahmedabad,16-05-2020 13:00,33.4,23.5,12.62,10.5,0.11,33.65,34,13,16,5,2020,5,2,24,31,46,26.33333333333333,37.125
Ahmedabad,16-05-2020 14:00,5.89,19.5,13.8,13.05,0.11,29.8,34,14,16,5,2020,5,2,34,28,46,27.33333333333333,36.625
Ahmedabad,16-05-2020 15:00,35.24,18,13.3,13.98,0.11,33.67,34,15,16,5,2020,5,2,34,24,46,29,36.125
Ahmedabad,16-05-2020 16:00,9.97,18.25,11.32,13.95,0.11,26.7,34,16,16,5,2020,5,2,34,24,46,30.666666666666668,35.625
Ahmedabad,16-05-2020 17:00,22.15,11.5,9.8,6.08,0.11,23.55,34,17,16,5,2020,5,2,34,24,46,32.333333333333336,35.125
Ahmedabad,16-05-2020 18:00,47.54,15,11,1.75,0.11,15.85,34,18,16,5,2020,5,2,34,24,46,34,34.625
Ahmedabad,16-05-2020 19:00,24.29,13.25,11.18,0.3,0.11,17.27,34,19,16,5,2020,5,2,34,34,46,34,34.125
Ahmedabad,16-05-2020 20:00,98.78,17,9.75,8.78,0.11,11.68,34,20,16,5,2020,5,2,34,34,46,34,33.625
Ahmedabad,16-05-2020 21:00,26.02,17.25,9.18,9.65,0.11,8.32,34,21,16,5,2020,5,2,34,34,42,34,33.291666666666664
Ahmedabad,16-05-2020 22:00,30.23,10,9.18,10.82,0.11,19.88,34,22,16,5,2020,5,2,34,34,43,34,32.916666666666664
Ahmedabad,16-05-2020 23:00,27.35,8.75,9.43,12.1,0.11,20.4,27,23,16,5,2020,5,2,34,34,42,32.833333333333336,32.291666666666664
Ahmedabad,17-05-2020 00:00,24.85,11,8.7,12.55,0.11,20.3,24,0,17,5,2020,6,2,27,34,41,31.166666666666668,31.58333333333333
Ahmedabad,17-05-2020 01:00,13.16,11.5,12.15,9.12,0.11,16.28,20,1,17,5,2020,6,2,24,34,39,28.83333333333333,30.791666666666668
Ahmedabad,17-05-2020 02:00,22,11.5,9.78,5.1,0.11,13.18,20,2,17,5,2020,6,2,20,34,37,26.5,30.08333333333333
Ahmedabad,17-05-2020 03:00,2,14,10.45,2.88,0.11,6.7,20,3,17,5,2020,6,2,20,34,36,24.166666666666668,29.416666666666668
Ahmedabad,17-05-2020 04:00,2.75,19.75,8.53,1.98,0.11,7.1,20,4,17,5,2020,6,2,20,34,35,21.83333333333333,28.791666666666668
Ahmedabad,17-05-2020 05:00,5,14.25,15.68,8.68,0.11,5.77,20,5,17,5,2020,6,2,20,27,33,20.666666666666668,28.25
Ahmedabad,17-05-2020 06:00,44.9,8.75,14.1,11.78,0.11,13.5,20,6,17,5,2020,6,2,20,24,32,20,27.75
Ahmedabad,17-05-2020 07:00,42.58,8.5,24.25,15.4,0.11,13.55,20,7,17,5,2020,6,2,20,20,31,20,27.291666666666668
Ahmedabad,17-05-2020 08:00,11.66,10,19.55,16.05,0.11,16,16,8,17,5,2020,6,2,20,20,28,19.33333333333333,26.791666666666668
Ahmedabad,17-05-2020 09:00,176.04,17,16.95,10.12,0.11,20.15,20,9,17,5,2020,6,2,16,20,24,19.33333333333333,26.625
Ahmedabad,17-05-2020 10:00,74.28,21,14.02,5.05,0.11,26.15,26,10,17,5,2020,6,2,20,20,24,20.33333333333333,26.70833333333333
Ahmedabad,17-05-2020 11:00,2,35.25,12.45,3.9,0.11,22.03,26,11,17,5,2020,6,2,26,20,24,21.33333333333333,26.791666666666668
Ahmedabad,17-05-2020 12:00,2,38.25,12.7,5.35,0.11,22.88,26,12,17,5,2020,6,2,26,20,24,22.33333333333333,26.875
Ahmedabad,17-05-2020 13:00,11.91,20.5,7.25,8.53,0.11,24.07,26,13,17,5,2020,6,2,26,20,34,23.33333333333333,26.541666666666668
Ahmedabad,17-05-2020 14:00,7.53,13.5,9.47,10.43,0.11,24.72,26,14,17,5,2020,6,2,26,16,34,25,26.20833333333333
Ahmedabad,17-05-2020 15:00,19.23,11.25,8.95,11.02,0.11,23.65,26,15,17,5,2020,6,2,26,20,34,26,25.875
Ahmedabad,17-05-2020 16:00,15.01,9,9.1,11.93,0.11,22.6,26,16,17,5,2020,6,2,26,26,34,26,25.541666666666668
Ahmedabad,17-05-2020 17:00,12.39,7.25,8.43,10.68,0.11,21.88,26,17,17,5,2020,6,2,26,26,34,26,25.20833333333333
Ahmedabad,17-05-2020 18:00,25.96,11,9.38,7.97,0.11,17.38,25,18,17,5,2020,6,2,26,26,34,25.83333333333333,24.83333333333333
Ahmedabad,17-05-2020 19:00,23,21,10.9,5.38,0.11,14.12,25,19,17,5,2020,6,2,25,26,34,25.666666666666668,24.45833333333333
Ahmedabad,17-05-2020 20:00,17.75,34.5,10.07,3.9,0.11,9.78,25,20,17,5,2020,6,2,25,26,34,25.5,24.08333333333333
Ahmedabad,17-05-2020 21:00,2.75,23.25,12,6.75,0.11,14.18,25,21,17,5,2020,6,2,25,26,34,25.33333333333333,23.70833333333333
Ahmedabad,17-05-2020 22:00,4,29,14.65,10,0.11,19.73,24,22,17,5,2020,6,2,25,26,34,25,23.291666666666668
Ahmedabad,17-05-2020 23:00,1.75,25.25,13.45,10.97,0.11,15.72,23,23,17,5,2020,6,2,24,26,27,24.5,23.125
Ahmedabad,18-05-2020 00:00,4,23,12.95,11.57,0.11,17,22,0,18,5,2020,0,2,23,25,24,24,23.041666666666668
Ahmedabad,18-05-2020 01:00,3.5,20.5,11.93,11.65,0.11,16.6,20,1,18,5,2020,0,2,22,25,20,23.166666666666668,23.041666666666668
Ahmedabad,18-05-2020 02:00,4.5,20.75,11.45,8.97,0.11,14.82,20,2,18,5,2020,0,2,20,25,20,22.33333333333333,23.041666666666668
Ahmedabad,18-05-2020 03:00,3,15,9.2,6.62,0.11,14.1,20,3,18,5,2020,0,2,20,25,20,21.5,23.041666666666668
Ahmedabad,18-05-2020 04:00,4.5,13,8.4,5.32,0.11,10.6,20,4,18,5,2020,0,2,20,24,20,20.83333333333333,23.041666666666668
Ahmedabad,18-05-2020 05:00,8.75,16,10.85,7.15,0.11,13.2,20,5,18,5,2020,0,2,20,23,20,20.33333333333333,23.041666666666668
Ahmedabad,18-05-2020 06:00,7.25,17,13.8,8.25,0.11,18.12,19,6,18,5,2020,0,2,20,22,20,19.83333333333333,23
Ahmedabad,18-05-2020 07:00,5,20,22.05,9.4,0.11,12.95,20,7,18,5,2020,0,2,19,20,20,19.83333333333333,23
Ahmedabad,18-05-2020 08:00,12,42,24.58,11.05,0.11,16.4,21,8,18,5,2020,0,2,20,20,16,20,23.20833333333333
Ahmedabad,18-05-2020 09:00,17.5,46.25,22.7,8.97,0.11,20.75,22,9,18,5,2020,0,2,21,20,20,20.33333333333333,23.291666666666668
Ahmedabad,18-05-2020 10:00,15.75,51.5,26.4,5.38,0.11,22.48,24,10,18,5,2020,0,2,22,20,26,21,23.20833333333333
Ahmedabad,18-05-2020 11:00,15,52.5,31.08,3.3,0.11,23.1,24,11,18,5,2020,0,2,24,20,26,21.666666666666668,23.125
Ahmedabad,18-05-2020 12:00,14.5,48,27.45,3.35,0.11,23.38,25,12,18,5,2020,0,2,24,19,26,22.666666666666668,23.08333333333333
Ahmedabad,18-05-2020 13:00,12.75,42,30.45,6.88,0.11,21.02,26,13,18,5,2020,0,2,25,20,26,23.666666666666668,23.08333333333333
Ahmedabad,18-05-2020 14:00,12,33,27.8,11.57,0.11,28,28,14,18,5,2020,0,2,26,21,26,24.83333333333333,23.166666666666668
Ahmedabad,18-05-2020 15:00,21,59,20.65,12.32,0.11,26.62,28,15,18,5,2020,0,2,28,22,26,25.83333333333333,23.25
Ahmedabad,18-05-2020 16:00,13.5,45,16.27,12.48,0.11,21.35,30,16,18,5,2020,0,2,28,24,26,26.83333333333333,23.416666666666668
Ahmedabad,18-05-2020 17:00,10.5,39.75,16.62,9.75,0.11,19.67,31,17,18,5,2020,0,2,30,24,26,28,23.625
Ahmedabad,18-05-2020 18:00,15,32,18.33,5.42,0.11,17.9,32,18,18,5,2020,0,2,31,25,25,29.166666666666668,23.916666666666668
Ahmedabad,18-05-2020 19:00,14.5,31.75,17.15,3.1,0.11,16,32,19,18,5,2020,0,2,32,26,25,30.166666666666668,24.20833333333333
Ahmedabad,18-05-2020 20:00,14,48,17.12,1.4,0.11,18.55,33,20,18,5,2020,0,2,32,28,25,31,24.541666666666668
Ahmedabad,18-05-2020 21:00,14.75,54,17.85,5.58,0.11,15.18,34,21,18,5,2020,0,2,33,28,25,32,24.916666666666668
Ahmedabad,18-05-2020 22:00,13.5,49.5,16.77,8.67,0.11,14.77,35,22,18,5,2020,0,2,34,30,24,32.833333333333336,25.375
Ahmedabad,18-05-2020 23:00,11.5,50,16.72,10.75,0.11,17.42,36,23,18,5,2020,0,2,35,31,23,33.666666666666664,25.916666666666668
Ahmedabad,19-05-2020 00:00,10,38,16.42,10.6,0.11,17.95,37,0,19,5,2020,1,2,36,32,22,34.5,26.541666666666668
Ahmedabad,19-05-2020 01:00,13,32.5,15.38,10.28,0.11,19.73,37,1,19,5,2020,1,2,37,32,20,35.333333333333336,27.25
Ahmedabad,19-05-2020 02:00,10.5,33,12.7,8.5,0.11,22.1,38,2,19,5,2020,1,2,37,33,20,36.16666666666666,28
Ahmedabad,19-05-2020 03:00,15.5,35.5,11.62,6.3,0.11,21.1,39,3,19,5,2020,1,2,38,34,20,37,28.791666666666668
Ahmedabad,19-05-2020 04:00,21.75,38,12.53,6.3,0.11,17.65,40,4,19,5,2020,1,2,39,35,20,37.833333333333336,29.625
Ahmedabad,19-05-2020 05:00,9.25,39.75,11.4,8.88,0.11,21.8,41,5,19,5,2020,1,2,40,36,20,38.66666666666666,30.5
Ahmedabad,19-05-2020 06:00,14,41.5,16.12,10.8,0.11,22.5,42,6,19,5,2020,1,2,41,37,19,39.5,31.45833333333333
Ahmedabad,19-05-2020 07:00,19,50,18.33,12,0.11,21.7,43,7,19,5,2020,1,2,42,37,20,40.5,32.416666666666664
Ahmedabad,19-05-2020 08:00,25,65,25.38,13.4,0.11,25.15,44,8,19,5,2020,1,2,43,38,21,41.5,33.375
Ahmedabad,19-05-2020 09:00,33.75,83.75,33.92,9.02,0.11,25.25,46,9,19,5,2020,1,2,44,39,22,42.66666666666666,34.375
Ahmedabad,19-05-2020 10:00,35.5,87.75,33.38,5.55,0.11,22.85,47,10,19,5,2020,1,2,46,40,24,43.833333333333336,35.333333333333336
Ahmedabad,19-05-2020 11:00,39.5,92.75,31.62,3.3,0.11,22.6,49,11,19,5,2020,1,2,47,41,24,45.16666666666666,36.375
Ahmedabad,19-05-2020 12:00,27.5,89,32.6,3.8,0.11,20.7,50,12,19,5,2020,1,2,49,42,25,46.5,37.41666666666666
Ahmedabad,19-05-2020 13:00,20.5,76,36.8,7.17,0.11,20.18,52,13,19,5,2020,1,2,50,43,26,48,38.5
Ahmedabad,19-05-2020 14:00,19.75,73.5,33.58,9.57,0.11,23.3,54,14,19,5,2020,1,2,52,44,28,49.66666666666666,39.583333333333336
Ahmedabad,19-05-2020 15:00,25.75,77,31.82,10.62,0.11,28.6,54,15,19,5,2020,1,2,54,46,28,51,40.66666666666666
Ahmedabad,19-05-2020 16:00,28,78.25,23.73,10.55,0.11,30.25,56,16,19,5,2020,1,2,54,47,30,52.5,41.75
Ahmedabad,19-05-2020 17:00,27.75,97.25,23.85,10.32,0.11,33.25,58,17,19,5,2020,1,2,56,49,31,54,42.875
Ahmedabad,19-05-2020 18:00,28.5,112.25,22.73,8.07,0.11,37.45,61,18,19,5,2020,1,2,58,50,32,55.833333333333336,44.083333333333336
Ahmedabad,19-05-2020 19:00,34.25,101.5,30.12,5.58,0.11,37.3,64,19,19,5,2020,1,2,61,52,32,57.833333333333336,45.41666666666666
Ahmedabad,19-05-2020 20:00,39,101.5,31.85,5.98,0.11,38.38,67,20,19,5,2020,1,2,64,54,33,60,46.833333333333336
Ahmedabad,19-05-2020 21:00,40.5,107.5,30.65,9.15,0.11,32.2,69,21,19,5,2020,1,2,67,54,34,62.5,48.29166666666666
Ahmedabad,19-05-2020 22:00,46,135,66.67,27.58,0.11,18.5,72,22,19,5,2020,1,2,69,56,35,65.16666666666667,49.833333333333336
Ahmedabad,19-05-2020 23:00,60.75,154.5,76.55,29.73,0.11,13.03,77,23,19,5,2020,1,2,72,58,36,68.33333333333333,51.54166666666666
Ahmedabad,20-05-2020 00:00,69.75,188.5,78.65,26.32,0.11,12.97,83,0,20,5,2020,2,2,77,61,37,72,53.458333333333336
Ahmedabad,20-05-2020 01:00,76.25,249,47.08,8,0.11,25.82,92,1,20,5,2020,2,2,83,64,37,76.66666666666667,55.75
Ahmedabad,20-05-2020 02:00,89,246,23.43,0.3,0.11,32.05,101,2,20,5,2020,2,2,92,67,38,82.33333333333333,58.375
Ahmedabad,20-05-2020 03:00,107.75,328.5,23.88,13.59,0.11,32.9,109,3,20,5,2020,2,2,101,69,39,89,61.29166666666666
Ahmedabad,20-05-2020 04:00,100.25,306.5,26.9,4.84,0.11,26,116,4,20,5,2020,2,2,109,72,40,96.33333333333331,64.45833333333333
Ahmedabad,20-05-2020 05:00,83.5,260,39.1,4.05,0.11,12.62,122,5,20,5,2020,2,2,116,77,41,103.83333333333331,67.83333333333333
Ahmedabad,20-05-2020 06:00,78.25,271.5,77.75,7.1,0.11,14.28,129,6,20,5,2020,2,2,122,83,42,111.5,71.45833333333333
Ahmedabad,20-05-2020 07:00,96.25,380.5,95.9,8.8,0.11,13.68,138,7,20,5,2020,2,2,129,92,43,119.16666666666669,75.41666666666667
Ahmedabad,20-05-2020 08:00,67,172,52,7.58,0.11,22.57,141,8,20,5,2020,2,2,138,101,44,125.83333333333331,79.45833333333333
Ahmedabad,20-05-2020 09:00,46.75,128.75,60.4,12.6,0.11,31.75,142,9,20,5,2020,2,2,141,109,46,131.33333333333334,83.45833333333333
Ahmedabad,20-05-2020 10:00,62.75,167.25,53.02,9,0.11,44.65,144,10,20,5,2020,2,2,142,116,47,136,87.5
Ahmedabad,20-05-2020 11:00,59,150,46.1,4.25,0.11,56.65,146,11,20,5,2020,2,2,144,122,49,140,91.54166666666669
Ahmedabad,20-05-2020 12:00,53,160.75,37.95,3.5,0.11,64.47,148,12,20,5,2020,2,2,146,129,50,143.16666666666666,95.625
Ahmedabad,20-05-2020 13:00,46.25,133.5,51.48,6.7,0.11,55.55,149,13,20,5,2020,2,2,148,138,52,145,99.66666666666669
Ahmedabad,20-05-2020 14:00,45.5,153.25,47.95,14.48,0.11,59.65,152,14,20,5,2020,2,2,149,141,54,146.83333333333334,103.75
Ahmedabad,20-05-2020 15:00,50,208,42.55,15.62,0.11,61.72,155,15,20,5,2020,2,2,152,142,54,149,107.95833333333331
Ahmedabad,20-05-2020 16:00,54.25,204.25,41.52,15.35,0.11,65.95,159,16,20,5,2020,2,2,155,144,56,151.5,112.25
Ahmedabad,20-05-2020 17:00,59.75,170,53.23,6.85,0.11,68.72,161,17,20,5,2020,2,2,159,146,58,154,116.54166666666669
Ahmedabad,20-05-2020 18:00,55.5,155.75,64.58,0.1,0.11,50.48,162,18,20,5,2020,2,2,161,148,61,156.33333333333334,120.75
Ahmedabad,20-05-2020 19:00,54,161.75,67.72,4.48,0.11,41.62,164,19,20,5,2020,2,2,162,149,64,158.83333333333334,124.91666666666669
Ahmedabad,20-05-2020 20:00,56.25,179,102.83,9.92,0.11,25.8,166,20,20,5,2020,2,2,164,152,67,161.16666666666666,129.04166666666666
Ahmedabad,20-05-2020 21:00,62,189,96.32,3.55,0.11,28.5,168,21,20,5,2020,2,2,166,155,69,163.33333333333334,133.16666666666666
Ahmedabad,20-05-2020 22:00,58,160.25,62,3.15,0.11,38.05,169,22,20,5,2020,2,2,168,159,72,165,137.20833333333334
Ahmedabad,20-05-2020 23:00,58.25,154.25,123.47,7.6,0.11,15.72,169,23,20,5,2020,2,2,169,161,77,166.33333333333334,141.04166666666666
Ahmedabad,21-05-2020 00:00,65.75,182.5,71.85,7.15,0.11,40.58,169,0,21,5,2020,3,2,169,162,83,167.5,144.625
Ahmedabad,21-05-2020 01:00,58.5,192.25,65.78,7.55,0.11,42.97,167,1,21,5,2020,3,2,169,164,92,168,147.75
Ahmedabad,21-05-2020 02:00,58.25,184,30.18,3.75,0.11,50.7,165,2,21,5,2020,3,2,167,166,101,167.83333333333334,150.41666666666666
Ahmedabad,21-05-2020 03:00,61.75,163.75,46.25,4.92,0.11,41,161,3,21,5,2020,3,2,165,168,109,166.66666666666666,152.58333333333334
Ahmedabad,21-05-2020 04:00,60.25,156,46.72,3.65,0.11,18.23,157,4,21,5,2020,3,2,161,169,116,164.66666666666666,154.29166666666666
Ahmedabad,21-05-2020 05:00,58.5,152.25,53.35,4.12,0.11,20.98,154,5,21,5,2020,3,2,157,169,122,162.16666666666666,155.625
Ahmedabad,21-05-2020 06:00,60.25,149.5,44.15,1.95,0.11,29.82,150,6,21,5,2020,3,2,154,169,129,159,156.5
Ahmedabad,21-05-2020 07:00,61,151.75,91.72,10.75,0.11,13.57,144,7,21,5,2020,3,2,150,167,138,155.16666666666666,156.75
Ahmedabad,21-05-2020 08:00,55.25,159.5,71.28,15.43,0.11,22.25,144,8,21,5,2020,3,2,144,165,141,151.66666666666666,156.875
Ahmedabad,21-05-2020 09:00,37.75,145.75,38.6,8.43,0.11,37.83,144,9,21,5,2020,3,2,144,161,142,148.83333333333334,156.95833333333334
Ahmedabad,21-05-2020 10:00,37,137,39.62,5.8,0.11,42.42,143,10,21,5,2020,3,2,144,157,144,146.5,156.91666666666666
Ahmedabad,21-05-2020 11:00,38.75,141.25,38.03,2.6,0.11,40.77,143,11,21,5,2020,3,2,143,154,146,144.66666666666666,156.79166666666666
Ahmedabad,21-05-2020 12:00,44,145,26.15,2.1,0.11,35.45,142,12,21,5,2020,3,2,143,150,148,143.33333333333334,156.54166666666666
Ahmedabad,21-05-2020 13:00,44.25,129.75,26.4,9.95,0.11,51.05,142,13,21,5,2020,3,2,142,144,149,143,156.25
Ahmedabad,21-05-2020 14:00,41.75,136.25,26.6,15.75,0.11,33.4,142,14,21,5,2020,3,2,142,144,152,142.66666666666666,155.83333333333334
Ahmedabad,21-05-2020 15:00,21.5,109.25,21.4,14.6,0.11,44.92,139,15,21,5,2020,3,2,142,144,155,141.83333333333334,155.16666666666666
Ahmedabad,21-05-2020 16:00,23,96.75,18.75,13.45,0.11,50.83,136,16,21,5,2020,3,2,139,143,159,140.66666666666666,154.20833333333334
Ahmedabad,21-05-2020 17:00,36.25,97.5,22.27,9.38,0.11,51.17,134,17,21,5,2020,3,2,136,143,161,139.16666666666666,153.08333333333334
Ahmedabad,21-05-2020 18:00,24.75,110.5,28.82,6.67,0.11,46.02,133,18,21,5,2020,3,2,134,142,162,137.66666666666666,151.875
Ahmedabad,21-05-2020 19:00,34.5,112.5,41.48,12.45,0.11,36.77,132,19,21,5,2020,3,2,133,142,164,136,150.54166666666666
Ahmedabad,21-05-2020 20:00,42.5,164.25,96.97,79.1,0.11,10.38,131,20,21,5,2020,3,2,132,142,166,134.16666666666666,149.08333333333334
Ahmedabad,21-05-2020 21:00,49.5,257.5,80.95,20.45,0.11,12.72,133,21,21,5,2020,3,2,131,139,168,133.16666666666666,147.625
Ahmedabad,21-05-2020 22:00,38.5,165.5,63.03,10.07,0.11,18.12,133,22,21,5,2020,3,2,133,136,169,132.66666666666666,146.125
Ahmedabad,21-05-2020 23:00,39.25,164.75,64.75,6,0.11,10.55,133,23,21,5,2020,3,2,133,134,169,132.5,144.625
Ahmedabad,22-05-2020 00:00,46,167,64.7,8.38,0.11,19.98,133,0,22,5,2020,4,2,133,133,169,132.5,143.125
Ahmedabad,22-05-2020 01:00,37,135,56.92,3.55,0.11,25.88,131,1,22,5,2020,4,2,133,132,167,132.33333333333334,141.625
Ahmedabad,22-05-2020 02:00,28.25,97,57.5,2.3,0.11,23.75,129,2,22,5,2020,4,2,131,131,165,132,140.125
Ahmedabad,22-05-2020 03:00,30.5,100.75,52.92,6.33,0.11,20.6,127,3,22,5,2020,4,2,129,133,161,131,138.70833333333334
Ahmedabad,22-05-2020 04:00,35.25,103.5,72.43,18.03,0.11,18.43,126,4,22,5,2020,4,2,127,133,157,129.83333333333334,137.41666666666666
Ahmedabad,22-05-2020 05:00,32.75,103.75,75.55,10.98,0.11,13.07,124,5,22,5,2020,4,2,126,133,154,128.33333333333334,136.16666666666666
Ahmedabad,22-05-2020 06:00,26.5,110,91.15,3.55,0.11,6.65,123,6,22,5,2020,4,2,124,133,150,126.66666666666669,135.04166666666666
Ahmedabad,22-05-2020 07:00,42.5,138.5,76.8,1.52,0.11,15.6,123,7,22,5,2020,4,2,123,131,144,125.33333333333331,134.16666666666666
Ahmedabad,22-05-2020 08:00,50.5,138,63.08,1.72,0.11,23.02,122,8,22,5,2020,4,2,123,129,144,124.16666666666669,133.25
Ahmedabad,22-05-2020 09:00,54,136,49.7,13.82,0.11,35.9,122,9,22,5,2020,4,2,122,127,144,123.33333333333331,132.33333333333334
Ahmedabad,22-05-2020 10:00,50,131,38.42,12.77,0.11,45.28,122,10,22,5,2020,4,2,122,126,143,122.66666666666669,131.45833333333334
Ahmedabad,22-05-2020 11:00,27,87,21.1,12,0.11,42.08,120,11,22,5,2020,4,2,122,124,143,122,130.5
Ahmedabad,22-05-2020 12:00,24,85.75,20.7,0.65,0.11,49.9,119,12,22,5,2020,4,2,120,123,142,121.33333333333331,129.54166666666666
Ahmedabad,22-05-2020 13:00,15,78.25,18.75,3.12,0.11,47.12,117,13,22,5,2020,4,2,119,123,142,120.33333333333331,128.5
Ahmedabad,22-05-2020 14:00,13,66.5,18.98,2.77,0.11,43.2,115,14,22,5,2020,4,2,117,122,142,119.16666666666669,127.375
Ahmedabad,22-05-2020 15:00,7,61.5,16.22,2.38,0.11,34.22,114,15,22,5,2020,4,2,115,122,139,117.83333333333331,126.33333333333331
Ahmedabad,22-05-2020 16:00,10.5,49.5,14.7,2.2,0.11,32.6,113,16,22,5,2020,4,2,114,122,136,116.33333333333331,125.375
Ahmedabad,22-05-2020 17:00,10.5,52,15.15,5.28,0.11,31.1,112,17,22,5,2020,4,2,113,120,134,115,124.45833333333331
Ahmedabad,22-05-2020 18:00,5.75,56.25,23.15,6.48,0.11,30.48,110,18,22,5,2020,4,2,112,119,133,113.5,123.5
Ahmedabad,22-05-2020 19:00,5.25,57,20.62,7.9,0.11,29.25,109,19,22,5,2020,4,2,110,117,132,112.16666666666669,122.54166666666669
Ahmedabad,22-05-2020 20:00,15,57,21.55,7.35,0.11,32.4,106,20,22,5,2020,4,2,109,115,131,110.66666666666669,121.5
Ahmedabad,22-05-2020 21:00,6,59.5,18.1,7.88,0.11,37.17,100,21,22,5,2020,4,2,106,114,133,108.33333333333331,120.125
Ahmedabad,22-05-2020 22:00,6.75,55,20.68,6.88,0.11,37.7,95,22,22,5,2020,4,2,100,113,133,105.33333333333331,118.54166666666669
Ahmedabad,22-05-2020 23:00,16.25,56.75,19.32,6.97,0.11,39.3,91,23,22,5,2020,4,2,95,112,133,101.83333333333331,116.79166666666669
Ahmedabad,23-05-2020 00:00,11,62,13.85,6.25,0.11,41.9,87,0,23,5,2020,5,2,91,110,133,98,114.875
Ahmedabad,23-05-2020 01:00,12,57,17.07,9.12,0.11,40.6,83,1,23,5,2020,5,2,87,109,131,93.66666666666669,112.875
Ahmedabad,23-05-2020 02:00,6,81,15.75,8.03,0.11,42.52,83,2,23,5,2020,5,2,83,106,129,89.83333333333333,110.95833333333331
Ahmedabad,23-05-2020 03:00,9.75,85.75,18.3,9,0.11,40.8,82,3,23,5,2020,5,2,83,100,127,86.83333333333333,109.08333333333331
Ahmedabad,23-05-2020 04:00,21.75,97.75,24.15,9.82,0.11,44.9,82,4,23,5,2020,5,2,82,95,126,84.66666666666667,107.25
Ahmedabad,23-05-2020 05:00,24.5,90.75,18.88,7.3,0.11,41.95,81,5,23,5,2020,5,2,82,91,124,83,105.45833333333331
Ahmedabad,23-05-2020 06:00,25.75,97.25,33.22,7.68,0.11,34.65,81,6,23,5,2020,5,2,81,87,123,82,103.70833333333331
Ahmedabad,23-05-2020 07:00,25,119,37.5,5.75,0.11,41,80,7,23,5,2020,5,2,81,83,123,81.5,101.91666666666669
Ahmedabad,23-05-2020 08:00,25,119,17.67,11.9,0.11,37.7,79,8,23,5,2020,5,2,80,83,122,80.83333333333333,100.125
Ahmedabad,23-05-2020 09:00,21.94,52.37,42.3,29.15,0.11,35.6,77,9,23,5,2020,5,2,79,82,122,80,98.25
Ahmedabad,23-05-2020 10:00,25.75,106.75,33.1,2.95,0.11,37.9,76,10,23,5,2020,5,2,77,82,122,79,96.33333333333331
Ahmedabad,23-05-2020 11:00,19.5,104.75,28.52,20.06,0.11,42.2,76,11,23,5,2020,5,2,76,81,120,78.16666666666667,94.5
Ahmedabad,23-05-2020 12:00,14.25,80.25,30.1,11.15,0.11,40.17,76,12,23,5,2020,5,2,76,81,119,77.33333333333333,92.70833333333331
Ahmedabad,23-05-2020 13:00,19.25,69,15.68,8.28,0.11,43.47,76,13,23,5,2020,5,2,76,80,117,76.66666666666667,91
Ahmedabad,23-05-2020 14:00,13.25,61.5,17.48,5.35,0.11,44.05,75,14,23,5,2020,5,2,76,79,115,76,89.33333333333333
Ahmedabad,23-05-2020 15:00,11,66,13.5,3.85,0.11,41.4,76,15,23,5,2020,5,2,75,77,114,75.83333333333333,87.75
Ahmedabad,23-05-2020 16:00,11,58,14.8,1.4,0.11,37.73,76,16,23,5,2020,5,2,76,76,113,75.83333333333333,86.20833333333333
Ahmedabad,23-05-2020 17:00,13.5,57.5,14.45,6.77,0.11,36.85,76,17,23,5,2020,5,2,76,76,112,75.83333333333333,84.70833333333333
Ahmedabad,23-05-2020 18:00,12.25,55.75,17.62,6.78,0.11,35.33,76,18,23,5,2020,5,2,76,76,110,75.83333333333333,83.29166666666667
Ahmedabad,23-05-2020 19:00,12.25,55.75,20.27,6.17,0.11,33.88,76,19,23,5,2020,5,2,76,76,109,75.83333333333333,81.91666666666667
Ahmedabad,23-05-2020 20:00,9.5,57.75,21.15,4.32,0.11,33.5,76,20,23,5,2020,5,2,76,75,106,76,80.66666666666667
Ahmedabad,23-05-2020 21:00,8,57,31.08,9.05,0.11,26.67,76,21,23,5,2020,5,2,76,76,100,76,79.66666666666667
Ahmedabad,23-05-2020 22:00,17.75,104,36.92,15.38,0.11,21.7,78,22,23,5,2020,5,2,76,76,95,76.33333333333333,78.95833333333333
Ahmedabad,23-05-2020 23:00,18,122,26.93,12.15,0.11,25.48,81,23,23,5,2020,5,2,78,76,91,77.16666666666667,78.54166666666667
Ahmedabad,24-05-2020 00:00,11.75,106.5,23.05,7.8,0.11,25.6,83,0,24,5,2020,6,2,81,76,87,78.33333333333333,78.375
Ahmedabad,24-05-2020 01:00,11.25,87.5,22.88,10.82,0.11,23.6,84,1,24,5,2020,6,2,83,76,83,79.66666666666667,78.41666666666667
Ahmedabad,24-05-2020 02:00,11,93.25,33.15,15.82,0.11,19.47,85,2,24,5,2020,6,2,84,76,83,81.16666666666667,78.5
Ahmedabad,24-05-2020 03:00,10.5,103,28.38,12.57,0.11,22.25,86,3,24,5,2020,6,2,85,76,82,82.83333333333333,78.66666666666667
Ahmedabad,24-05-2020 04:00,16.25,89.75,21.82,9.52,0.11,27.38,85,4,24,5,2020,6,2,86,78,82,84,78.79166666666667
Ahmedabad,24-05-2020 05:00,9.75,70.25,13.35,7.1,0.11,30.8,84,5,24,5,2020,6,2,85,81,81,84.5,78.91666666666667
Ahmedabad,24-05-2020 06:00,6.5,51.5,15.08,5.58,0.11,29.73,82,6,24,5,2020,6,2,84,83,81,84.33333333333333,78.95833333333333
Ahmedabad,24-05-2020 07:00,11.5,71,25.8,7.42,0.11,24.62,80,7,24,5,2020,6,2,82,84,80,83.66666666666667,78.95833333333333
Ahmedabad,24-05-2020 08:00,21.75,117.5,32.12,11.6,0.11,22.33,80,8,24,5,2020,6,2,80,85,79,82.83333333333333,79
Ahmedabad,24-05-2020 09:00,20,120.5,27.65,9.85,0.11,28.4,82,9,24,5,2020,6,2,80,86,77,82.16666666666667,79.20833333333333
Ahmedabad,24-05-2020 10:00,16.25,107,23.78,5.3,0.11,31.33,82,10,24,5,2020,6,2,82,85,76,81.66666666666667,79.45833333333333
Ahmedabad,24-05-2020 11:00,13,77.5,18.4,2.95,0.11,30.72,81,11,24,5,2020,6,2,82,84,76,81.16666666666667,79.66666666666667
Ahmedabad,24-05-2020 12:00,9.75,67.5,15,4.8,0.11,29.48,80,12,24,5,2020,6,2,81,82,76,80.83333333333333,79.83333333333333
Ahmedabad,24-05-2020 13:00,8.25,57,18.1,6.82,0.11,29.88,80,13,24,5,2020,6,2,80,80,76,80.83333333333333,80
Ahmedabad,24-05-2020 14:00,4.75,52.5,15.57,8.1,0.11,27.17,79,14,24,5,2020,6,2,80,80,75,80.66666666666667,80.16666666666667
Ahmedabad,24-05-2020 15:00,2,60.25,15.82,8.4,0.11,26.33,79,15,24,5,2020,6,2,79,82,76,80.16666666666667,80.29166666666667
Ahmedabad,24-05-2020 16:00,6.5,43,13.47,7.97,0.11,28.75,79,16,24,5,2020,6,2,79,82,76,79.66666666666667,80.41666666666667
Ahmedabad,24-05-2020 17:00,11.25,42.25,12.55,9.38,0.11,28.1,78,17,24,5,2020,6,2,79,81,76,79.16666666666667,80.5
Ahmedabad,24-05-2020 18:00,11.25,40.75,15,9.52,0.11,27.4,77,18,24,5,2020,6,2,78,80,76,78.66666666666667,80.54166666666667
Ahmedabad,24-05-2020 19:00,8,44.5,17.3,9.52,0.11,28,77,19,24,5,2020,6,2,77,80,76,78.16666666666667,80.58333333333333
Ahmedabad,24-05-2020 20:00,5.25,49.25,19.02,8.55,0.11,28.8,76,20,24,5,2020,6,2,77,79,76,77.66666666666667,80.58333333333333
Ahmedabad,24-05-2020 21:00,7.75,50.5,18.12,8.57,0.11,29.8,76,21,24,5,2020,6,2,76,79,76,77.16666666666667,80.58333333333333
Ahmedabad,24-05-2020 22:00,13.5,56,18.77,9.68,0.11,27.93,74,22,24,5,2020,6,2,76,79,78,76.33333333333333,80.41666666666667
Ahmedabad,24-05-2020 23:00,16,78.5,28.65,11.9,0.11,22.27,72,23,24,5,2020,6,2,74,78,81,75.33333333333333,80.04166666666667
Ahmedabad,25-05-2020 00:00,20.75,113.75,34.8,17.97,0.11,18.8,73,0,25,5,2020,0,2,72,77,83,74.66666666666667,79.625
Ahmedabad,25-05-2020 01:00,25,111.75,28.3,8.9,0.11,21.23,74,1,25,5,2020,0,2,73,77,84,74.16666666666667,79.20833333333333
Ahmedabad,25-05-2020 02:00,20.75,78.25,32.98,6.88,0.11,17.6,73,2,25,5,2020,0,2,74,76,85,73.66666666666667,78.70833333333333
Ahmedabad,25-05-2020 03:00,15.75,90.5,23.85,3.6,0.11,19.05,73,3,25,5,2020,0,2,73,76,86,73.16666666666667,78.16666666666667
Ahmedabad,25-05-2020 04:00,12,71,11.72,0.7,0.11,25.75,72,4,25,5,2020,0,2,73,74,85,72.83333333333333,77.625
Ahmedabad,25-05-2020 05:00,10.5,50.5,12.22,5.6,0.11,28.78,71,5,25,5,2020,0,2,72,72,84,72.66666666666667,77.08333333333333
Ahmedabad,25-05-2020 06:00,16,65.5,21.1,9.18,0.11,25.12,72,6,25,5,2020,0,2,71,73,82,72.5,76.66666666666667
Ahmedabad,25-05-2020 07:00,14.25,88.5,33.65,11.62,0.11,16.48,72,7,25,5,2020,0,2,72,74,80,72.16666666666667,76.33333333333333
Ahmedabad,25-05-2020 08:00,30,95.25,31.55,12.22,0.11,20.3,71,8,25,5,2020,0,2,72,73,80,71.83333333333333,75.95833333333333
Ahmedabad,25-05-2020 09:00,36.75,115.5,32.98,10.62,0.11,21,71,9,25,5,2020,0,2,71,73,82,71.5,75.5
Ahmedabad,25-05-2020 10:00,30,129,26.77,5.28,0.11,27.52,72,10,25,5,2020,0,2,71,72,82,71.5,75.08333333333333
Ahmedabad,25-05-2020 11:00,30,94.25,20.77,3.8,0.11,30,73,11,25,5,2020,0,2,72,71,81,71.83333333333333,74.75
Ahmedabad,25-05-2020 12:00,33,81,20.55,6.4,0.11,28.35,73,12,25,5,2020,0,2,73,72,80,72,74.45833333333333
Ahmedabad,25-05-2020 13:00,36,79,25.15,6.45,0.11,28.15,74,13,25,5,2020,0,2,73,72,80,72.33333333333333,74.20833333333333
Ahmedabad,25-05-2020 14:00,18.25,64.25,18.38,4.88,0.11,29.6,75,14,25,5,2020,0,2,74,71,79,73,74.04166666666667
Ahmedabad,25-05-2020 15:00,12.25,60,13.9,6.68,0.11,24.95,75,15,25,5,2020,0,2,75,71,79,73.66666666666667,73.875
Ahmedabad,25-05-2020 16:00,3,55.5,15.85,6.4,0.11,24.17,75,16,25,5,2020,0,2,75,72,79,74.16666666666667,73.70833333333333
Ahmedabad,25-05-2020 17:00,9.25,59.25,14.18,5.38,0.11,26.68,76,17,25,5,2020,0,2,75,73,78,74.66666666666667,73.625
Ahmedabad,25-05-2020 18:00,11.5,57,15,2.92,0.11,26.05,77,18,25,5,2020,0,2,76,73,77,75.33333333333333,73.625
Ahmedabad,25-05-2020 19:00,17.5,54.75,16.05,4.12,0.11,24.05,77,19,25,5,2020,0,2,77,74,77,75.83333333333333,73.625
Ahmedabad,25-05-2020 20:00,17,51,17.7,4.78,0.11,25.17,77,20,25,5,2020,0,2,77,75,76,76.16666666666667,73.66666666666667
Ahmedabad,25-05-2020 21:00,13,52.75,14.62,8.57,0.11,27.07,77,21,25,5,2020,0,2,77,75,76,76.5,73.70833333333333
Ahmedabad,25-05-2020 22:00,12.75,50,12.55,9.88,0.11,27.15,77,22,25,5,2020,0,2,77,75,74,76.83333333333333,73.83333333333333
Ahmedabad,25-05-2020 23:00,3.25,52.5,10.85,9.8,0.11,27.92,76,23,25,5,2020,0,2,77,76,72,76.83333333333333,74
Ahmedabad,26-05-2020 00:00,4,51,10.25,9.12,0.11,26.68,73,0,26,5,2020,1,2,76,77,73,76.16666666666667,74
Ahmedabad,26-05-2020 01:00,10,48.25,13.53,9,0.11,24.95,71,1,26,5,2020,1,2,73,77,74,75.16666666666667,73.875
Ahmedabad,26-05-2020 02:00,8.25,52.25,18.77,9.7,0.11,22.25,70,2,26,5,2020,1,2,71,77,73,74,73.75
Ahmedabad,26-05-2020 03:00,12.5,64.5,20.43,10.75,0.11,18.65,68,3,26,5,2020,1,2,70,77,73,72.5,73.54166666666667
Ahmedabad,26-05-2020 04:00,12.5,67.75,12,9.97,0.11,31.23,68,4,26,5,2020,1,2,68,77,72,71,73.375
Ahmedabad,26-05-2020 05:00,8.75,60,16.07,10.52,0.11,24.75,69,5,26,5,2020,1,2,68,76,71,69.83333333333333,73.29166666666667
Ahmedabad,26-05-2020 06:00,10.5,78.5,26.48,12.15,0.11,19.82,69,6,26,5,2020,1,2,69,73,72,69.16666666666667,73.16666666666667
Ahmedabad,26-05-2020 07:00,10.5,84.25,23.32,9.25,0.11,21.3,69,7,26,5,2020,1,2,69,71,72,68.83333333333333,73.04166666666667
Ahmedabad,26-05-2020 08:00,13.5,73.25,29.15,10.78,0.11,18.57,68,8,26,5,2020,1,2,69,70,71,68.5,72.91666666666667
Ahmedabad,26-05-2020 09:00,12.5,84.75,28.7,12.12,0.11,19.95,67,9,26,5,2020,1,2,68,68,71,68.33333333333333,72.75
Ahmedabad,26-05-2020 10:00,19.75,89.5,26.3,11.28,0.11,23.57,65,10,26,5,2020,1,2,67,68,72,67.83333333333333,72.45833333333333
Ahmedabad,26-05-2020 11:00,10.75,90.75,25.2,14.1,0.11,24.85,65,11,26,5,2020,1,2,65,69,73,67.16666666666667,72.125
Ahmedabad,26-05-2020 12:00,13.5,98,26.7,11.75,0.11,27.43,66,12,26,5,2020,1,2,65,69,73,66.66666666666667,71.83333333333333
Ahmedabad,26-05-2020 13:00,15,80,15.15,7.42,0.11,29.88,66,13,26,5,2020,1,2,66,69,74,66.16666666666667,71.5
Ahmedabad,26-05-2020 14:00,5,61,14.1,3.92,0.11,28.43,66,14,26,5,2020,1,2,66,68,75,65.83333333333333,71.125
Ahmedabad,26-05-2020 15:00,6.5,51.5,13.95,3.75,0.11,26.12,65,15,26,5,2020,1,2,66,67,75,65.5,70.70833333333333
Ahmedabad,26-05-2020 16:00,10.5,59,13.3,4.58,0.11,22.07,65,16,26,5,2020,1,2,65,65,75,65.5,70.29166666666667
Ahmedabad,26-05-2020 17:00,9,59,13.15,7.45,0.37,24.57,65,17,26,5,2020,1,2,65,65,76,65.5,69.83333333333333
Ahmedabad,26-05-2020 18:00,13.75,63.25,17.43,8.7,0.1,22.67,66,18,26,5,2020,1,2,65,66,77,65.5,69.375
Ahmedabad,26-05-2020 19:00,14.5,58,19.88,8.65,0.05,24.55,66,19,26,5,2020,1,2,66,66,77,65.5,68.91666666666667
Ahmedabad,26-05-2020 20:00,17,77.03,19.48,6.68,0.53,23.75,67,20,26,5,2020,1,2,66,66,77,65.66666666666667,68.5
Ahmedabad,26-05-2020 21:00,13.5,12.15,22.15,9.57,0.21,23.08,67,21,26,5,2020,1,2,67,65,77,66,68.08333333333333
Ahmedabad,26-05-2020 22:00,21.25,314.88,32.2,17.15,0.96,17.97,68,22,26,5,2020,1,2,67,65,77,66.5,67.70833333333333
Ahmedabad,26-05-2020 23:00,23.5,56.17,28.18,14.32,1.17,19.6,69,23,26,5,2020,1,2,68,65,76,67.16666666666667,67.41666666666667
Ahmedabad,27-05-2020 00:00,21.25,315.18,13.68,5.58,1.21,26.85,70,0,27,5,2020,2,2,69,66,73,67.83333333333333,67.29166666666667
Ahmedabad,27-05-2020 01:00,12,48.97,9.4,6.85,1.97,29.85,71,1,27,5,2020,2,2,70,66,71,68.66666666666667,67.29166666666667
Ahmedabad,27-05-2020 02:00,16,51.22,11.2,5.9,1.27,29.42,72,2,27,5,2020,2,2,71,67,70,69.5,67.375
Ahmedabad,27-05-2020 03:00,19,24.71,8.92,4.28,0.88,28.9,72,3,27,5,2020,2,2,72,67,68,70.33333333333333,67.54166666666667
Ahmedabad,27-05-2020 04:00,10.75,109.33,9.27,4.65,0.49,35.05,35,4,27,5,2020,2,2,72,68,68,64.83333333333333,66.16666666666667
Ahmedabad,27-05-2020 05:00,13,85.16,12.3,7.25,1.03,30.3,35,5,27,5,2020,2,2,35,69,69,59.16666666666666,64.75
Ahmedabad,27-05-2020 06:00,19.25,85.2,29.58,13.95,0.72,21.08,35,6,27,5,2020,2,2,35,70,69,53.333333333333336,63.333333333333336
Ahmedabad,27-05-2020 07:00,26,172.45,26.2,10.05,0.77,23.1,35,7,27,5,2020,2,2,35,71,69,47.333333333333336,61.91666666666666
Ahmedabad,27-05-2020 08:00,24.25,34.23,20.38,8.7,1.44,25.7,35,8,27,5,2020,2,2,35,72,68,41.16666666666666,60.54166666666666
Ahmedabad,27-05-2020 09:00,20,36.91,20.92,10.4,2.21,28.62,35,9,27,5,2020,2,2,35,72,67,35,59.208333333333336
Ahmedabad,27-05-2020 10:00,23,35.61,23.55,11.35,1.4,30.25,35,10,27,5,2020,2,2,35,35,65,35,57.958333333333336
Ahmedabad,27-05-2020 11:00,24,98.52,32,17.4,1.35,26.05,68,11,27,5,2020,2,2,35,35,65,40.5,58.083333333333336
Ahmedabad,27-05-2020 12:00,89,174,26.8,10.9,0.77,30.03,68,12,27,5,2020,2,2,68,35,66,46,58.16666666666666
Ahmedabad,27-05-2020 13:00,36.5,158.5,24.47,6.78,0.59,35.9,68,13,27,5,2020,2,2,68,35,66,51.5,58.25
Ahmedabad,27-05-2020 14:00,22.75,104.25,16.8,1.52,0.4,36.25,68,14,27,5,2020,2,2,68,35,66,57,58.333333333333336
Ahmedabad,27-05-2020 15:00,21.5,80.5,14.38,0.55,0.36,33.4,68,15,27,5,2020,2,2,68,35,65,62.5,58.458333333333336
Ahmedabad,27-05-2020 16:00,20.25,80.5,11.85,5.39,0.38,34.7,68,16,27,5,2020,2,2,68,35,65,68,58.583333333333336
Ahmedabad,27-05-2020 17:00,26.25,87.75,15.25,7.9,0.4,33.23,68,17,27,5,2020,2,2,68,68,65,68,58.708333333333336
Ahmedabad,27-05-2020 18:00,42,96,18.8,7.65,0.45,32.75,68,18,27,5,2020,2,2,68,68,66,68,58.79166666666666
Ahmedabad,27-05-2020 19:00,26.25,99.5,21.77,5.4,0.56,28.68,41,19,27,5,2020,2,2,68,68,66,63.5,57.75
Ahmedabad,27-05-2020 20:00,27.25,104.75,22.8,4.88,0.53,36.02,42,20,27,5,2020,2,2,41,68,67,59.16666666666666,56.708333333333336
Ahmedabad,27-05-2020 21:00,37.25,141,34.52,10.53,0.82,20.85,43,21,27,5,2020,2,2,42,68,67,55,55.708333333333336
Ahmedabad,27-05-2020 22:00,35,179,30.35,15.65,0.85,15.5,44,22,27,5,2020,2,2,43,68,68,51,54.708333333333336
Ahmedabad,27-05-2020 23:00,26,149,25.77,15.55,0.79,18.73,44,23,27,5,2020,2,2,44,68,69,47,53.66666666666666
Ahmedabad,28-05-2020 00:00,32.5,104,18.42,14.18,0.52,25.12,45,0,28,5,2020,3,2,44,68,70,43.16666666666666,52.625
Ahmedabad,28-05-2020 01:00,25.75,86,21.48,7.62,0.42,27.52,46,1,28,5,2020,3,2,45,41,71,44,51.583333333333336
Ahmedabad,28-05-2020 02:00,21,109.5,31.55,3.83,0.51,14.72,46,2,28,5,2020,3,2,46,42,72,44.66666666666666,50.5
Ahmedabad,28-05-2020 03:00,28.75,122.5,19.57,15.21,0.94,19.5,112,3,28,5,2020,3,2,46,43,72,56.16666666666666,52.16666666666666
Ahmedabad,28-05-2020 04:00,34.5,124,23.4,6.38,0.81,22.3,112,4,28,5,2020,3,2,112,44,35,67.5,55.375
Ahmedabad,28-05-2020 05:00,33.5,154.75,25.57,4.67,0.83,11.27,113,5,28,5,2020,3,2,112,44,35,79,58.625
Ahmedabad,28-05-2020 06:00,21.75,121.5,18.42,6.92,0.66,18.2,113,6,28,5,2020,3,2,113,45,35,90.33333333333331,61.875
Ahmedabad,28-05-2020 07:00,20,76,23.43,7.95,0.59,22.38,112,7,28,5,2020,3,2,113,46,35,101.33333333333331,65.08333333333333
Ahmedabad,28-05-2020 08:00,27.5,80.5,34.02,12.93,0.65,13.72,111,8,28,5,2020,3,2,112,46,35,112.16666666666669,68.25
Ahmedabad,28-05-2020 09:00,19.5,77.75,27.45,9.02,0.62,23.6,109,9,28,5,2020,3,2,111,112,35,111.66666666666669,71.33333333333333
Ahmedabad,28-05-2020 10:00,26.5,96,26.25,1.5,0.67,24.4,109,10,28,5,2020,3,2,109,112,35,111.16666666666669,74.41666666666667
Ahmedabad,28-05-2020 11:00,27.75,115.25,27.32,14.81,0.9,21.32,109,11,28,5,2020,3,2,109,113,68,110.5,76.125
Ahmedabad,28-05-2020 12:00,36,137,30.55,4.5,0.74,20.3,108,12,28,5,2020,3,2,109,113,68,109.66666666666669,77.79166666666667
Ahmedabad,28-05-2020 13:00,22.75,121.5,23.6,7.43,0.7,21.27,107,13,28,5,2020,3,2,108,112,68,108.83333333333331,79.41666666666667
Ahmedabad,28-05-2020 14:00,19,91.75,16.12,8.53,0.65,31.55,107,14,28,5,2020,3,2,107,111,68,108.16666666666669,81.04166666666667
Ahmedabad,28-05-2020 15:00,25,82.75,17.95,8.05,0.84,32.27,107,15,28,5,2020,3,2,107,109,68,107.83333333333331,82.66666666666667
Ahmedabad,28-05-2020 16:00,38.5,89.75,15.55,8.27,0.77,32.47,107,16,28,5,2020,3,2,107,109,68,107.5,84.29166666666667
Ahmedabad,28-05-2020 17:00,25.5,79.75,16.88,4.88,0.76,33.07,107,17,28,5,2020,3,2,107,109,68,107.16666666666669,85.91666666666667
Ahmedabad,28-05-2020 18:00,30,86,16.7,0.3,0.46,35.8,106,18,28,5,2020,3,2,107,108,68,106.83333333333331,87.5
Ahmedabad,28-05-2020 19:00,32.5,87.5,18.05,10.45,0.53,23.62,106,19,28,5,2020,3,2,106,107,41,106.66666666666669,90.20833333333331
Ahmedabad,28-05-2020 20:00,32,101.25,13.1,5.43,0.42,22.52,106,20,28,5,2020,3,2,106,107,42,106.5,92.875
Ahmedabad,28-05-2020 21:00,33.5,115.25,12.33,6,0.45,18.38,105,21,28,5,2020,3,2,106,107,43,106.16666666666669,95.45833333333331
Ahmedabad,28-05-2020 22:00,24,114.75,9.77,10.5,0.55,29.2,103,22,28,5,2020,3,2,105,107,44,105.5,97.91666666666669
Ahmedabad,28-05-2020 23:00,8.75,73,8.7,12.42,0.63,26.67,101,23,28,5,2020,3,2,103,107,44,104.5,100.29166666666669
Ahmedabad,29-05-2020 00:00,8,65,9.8,13.3,0.69,29.15,100,0,29,5,2020,4,2,101,106,45,103.5,102.58333333333331
Ahmedabad,29-05-2020 01:00,13.5,60,10.1,9.92,0.33,31.77,99,1,29,5,2020,4,2,100,106,46,102.33333333333331,104.79166666666669
Ahmedabad,29-05-2020 02:00,19,61,9.85,6.5,0.29,28.28,97,2,29,5,2020,4,2,99,106,46,100.83333333333331,106.91666666666669
Ahmedabad,29-05-2020 03:00,15.24,37.89,6.74,5.58,0.31,30.79,96,3,29,5,2020,4,2,97,105,112,99.33333333333331,106.25
Ahmedabad,29-05-2020 04:00,26.23,51.63,16.95,11.67,1.61,34.39,95,4,29,5,2020,4,2,96,103,112,98,105.54166666666669
Ahmedabad,29-05-2020 05:00,15.31,35.92,7.15,5.41,0.33,28.1,92,5,29,5,2020,4,2,95,101,113,96.5,104.66666666666669
Ahmedabad,29-05-2020 06:00,7.93,26.85,5.96,7.05,0.24,14.72,91,6,29,5,2020,4,2,92,100,113,95,103.75
Ahmedabad,29-05-2020 07:00,17.03,43.36,19.06,10.46,0.67,37.32,91,7,29,5,2020,4,2,91,99,112,93.66666666666669,102.875
Ahmedabad,29-05-2020 08:00,9,59,10.98,11.8,0.2,21.1,90,8,29,5,2020,4,2,91,97,111,92.5,102
Ahmedabad,29-05-2020 09:00,21,42.67,14.6,5.95,0.69,21.12,91,9,29,5,2020,4,2,90,96,109,91.66666666666669,101.25
Ahmedabad,29-05-2020 10:00,22,37.22,18.15,1.4,0.89,27.25,91,10,29,5,2020,4,2,91,95,109,91,100.5
Ahmedabad,29-05-2020 11:00,24,75,21.05,6.75,0.18,32.75,88,11,29,5,2020,4,2,91,92,109,90.33333333333331,99.625
Ahmedabad,29-05-2020 12:00,18.5,73.5,22.1,2.5,0.17,33.4,85,12,29,5,2020,4,2,88,91,108,89.33333333333333,98.66666666666669
Ahmedabad,29-05-2020 13:00,11,69,15,8.57,0.61,25.48,81,13,29,5,2020,4,2,85,91,107,87.66666666666667,97.58333333333331
Ahmedabad,29-05-2020 14:00,15,58,14.38,11.15,0.53,27.75,79,14,29,5,2020,4,2,81,90,107,85.83333333333333,96.41666666666669
Ahmedabad,29-05-2020 15:00,17,58.25,11.57,11.88,0.64,26.67,78,15,29,5,2020,4,2,79,91,107,83.66666666666667,95.20833333333331
Ahmedabad,29-05-2020 16:00,13.75,59.5,13.28,12.28,0.72,26.07,76,16,29,5,2020,4,2,78,91,107,81.16666666666667,93.91666666666669
Ahmedabad,29-05-2020 17:00,15,61.25,10.05,5.2,0.6,26.65,75,17,29,5,2020,4,2,76,88,107,79,92.58333333333331
Ahmedabad,29-05-2020 18:00,21,62,16.7,12.88,0.46,26.4,74,18,29,5,2020,4,2,75,85,106,77.16666666666667,91.25
Ahmedabad,29-05-2020 19:00,10.5,49,28.05,3,0.62,34.58,71,19,29,5,2020,4,2,74,81,106,75.5,89.79166666666667
Ahmedabad,29-05-2020 20:00,15.75,44,61.77,12.95,0.97,11.07,68,20,29,5,2020,4,2,71,79,106,73.66666666666667,88.20833333333333
Ahmedabad,29-05-2020 21:00,15.5,54.75,56.73,0.5,1.8,9.2,90,21,29,5,2020,4,2,68,78,105,75.66666666666667,87.58333333333333
Ahmedabad,29-05-2020 22:00,25,67.25,49.92,8.52,1.1,8.5,90,22,29,5,2020,4,2,90,76,103,78,87.04166666666667
Ahmedabad,29-05-2020 23:00,23,86.5,46.95,10.32,0.47,10.77,90,23,29,5,2020,4,2,90,75,101,80.5,86.58333333333333
Ahmedabad,30-05-2020 00:00,26,79,55.98,11.82,0.23,8.73,90,0,30,5,2020,5,2,90,74,100,83.16666666666667,86.16666666666667
Ahmedabad,30-05-2020 01:00,23,88,56.38,24.15,0.5,8.12,90,1,30,5,2020,5,2,90,71,99,86.33333333333333,85.79166666666667
Ahmedabad,30-05-2020 02:00,26.25,78.5,51.9,23.18,0.91,16.95,90,2,30,5,2020,5,2,90,68,97,90,85.5
Ahmedabad,30-05-2020 03:00,29,74.75,57.47,31.62,1.45,12.4,90,3,30,5,2020,5,2,90,90,96,90,85.25
Ahmedabad,30-05-2020 04:00,32.5,92.5,61.97,40.1,1.62,6.57,90,4,30,5,2020,5,2,90,90,95,90,85.04166666666667
Ahmedabad,30-05-2020 05:00,26.25,85.75,55.38,22.3,0.79,6.95,81,5,30,5,2020,5,2,90,90,92,88.5,84.58333333333333
Ahmedabad,30-05-2020 06:00,30,88,39.42,6.73,0.23,13.13,81,6,30,5,2020,5,2,81,90,91,87,84.16666666666667
Ahmedabad,30-05-2020 07:00,27.75,112.25,44.35,5.03,0.23,15,81,7,30,5,2020,5,2,81,90,91,85.5,83.75
Ahmedabad,30-05-2020 08:00,29.5,89,40.97,10.78,0.21,20.12,81,8,30,5,2020,5,2,81,90,90,84,83.375
Ahmedabad,30-05-2020 09:00,26.5,77,44.45,14.7,0.42,20.8,81,9,30,5,2020,5,2,81,90,91,82.5,82.95833333333333
Ahmedabad,30-05-2020 10:00,22,68,46.1,14.8,1.2,37.1,81,10,30,5,2020,5,2,81,90,91,81,82.54166666666667
Ahmedabad,30-05-2020 11:00,28.67,34.35,16.41,10.33,0.11,80.04,81,11,30,5,2020,5,2,81,81,88,81,82.25
Ahmedabad,30-05-2020 12:00,15.21,44.55,6.74,4.71,0.65,32.7,73,12,30,5,2020,5,2,81,81,85,79.66666666666667,81.75
Ahmedabad,30-05-2020 13:00,28.29,32.55,35.99,6.19,1,20.29,73,13,30,5,2020,5,2,73,81,81,78.33333333333333,81.41666666666667
Ahmedabad,30-05-2020 14:00,10.4,40.36,6.72,7.04,0.27,14.91,74,14,30,5,2020,5,2,73,81,79,77.16666666666667,81.20833333333333
Ahmedabad,30-05-2020 15:00,44.3,138.4,8.58,26.96,0.39,40.58,75,15,30,5,2020,5,2,74,81,78,76.16666666666667,81.08333333333333
Ahmedabad,30-05-2020 16:00,2.5,5.02,19.53,24.14,1.55,13.48,75,16,30,5,2020,5,2,75,81,76,75.16666666666667,81.04166666666667
Ahmedabad,30-05-2020 17:00,11.29,19.38,3.22,10.31,0.22,96.05,76,17,30,5,2020,5,2,75,81,75,74.33333333333333,81.08333333333333
Ahmedabad,30-05-2020 18:00,14.91,76.94,22.74,8.4,0.62,5.92,77,18,30,5,2020,5,2,76,73,74,75,81.20833333333333
Ahmedabad,31-05-2020 11:00,11.75,66.9,12.48,5.37,0.7,31.58,46,11,31,5,2020,6,2,77,73,71,70.5,80.16666666666667
Ahmedabad,31-05-2020 12:00,15.25,46.65,13.95,2.05,0.51,32.3,46,12,31,5,2020,6,2,46,74,68,65.83333333333333,79.25
Ahmedabad,31-05-2020 13:00,10,81.35,13.78,3.85,0.42,30.77,46,13,31,5,2020,6,2,46,75,90,61,77.41666666666667
Ahmedabad,31-05-2020 14:00,9.25,141.88,12.75,2.95,0.41,29.2,46,14,31,5,2020,6,2,46,75,90,56.16666666666666,75.58333333333333
Ahmedabad,31-05-2020 15:00,8.75,45,13.18,2.9,0.25,29.53,40,15,31,5,2020,6,2,46,76,90,50.16666666666666,73.5
Ahmedabad,31-05-2020 16:00,13.25,46.25,9.88,9.23,0.24,29.62,39,16,31,5,2020,6,2,40,77,90,43.833333333333336,71.375
Ahmedabad,31-05-2020 17:00,13.5,59.5,14.23,5.95,0.33,28.65,38,17,31,5,2020,6,2,39,46,90,42.5,69.20833333333333
Ahmedabad,31-05-2020 18:00,16,69,14.97,6.53,0.36,23.23,38,18,31,5,2020,6,2,38,46,90,41.16666666666666,67.04166666666667
Ahmedabad,31-05-2020 19:00,17.5,74.75,22.98,4.03,0.53,19.7,37,19,31,5,2020,6,2,38,46,90,39.66666666666666,64.83333333333333
Ahmedabad,31-05-2020 20:00,22.25,92,20.82,3.45,0.48,13.93,37,20,31,5,2020,6,2,37,46,90,38.16666666666666,62.625
Ahmedabad,31-05-2020 21:00,30.5,109,17.7,7.77,0.41,8.25,38,21,31,5,2020,6,2,37,40,81,37.833333333333336,60.833333333333336
Ahmedabad,31-05-2020 22:00,24.25,107.25,22.12,9.6,0.74,4.45,37,22,31,5,2020,6,2,38,39,81,37.5,59
Ahmedabad,31-05-2020 23:00,19.75,113,24.07,9.25,0.39,1.83,37,23,31,5,2020,6,2,37,38,81,37.333333333333336,57.16666666666666
Ahmedabad,01-06-2020 00:00,22,119,24.38,8.1,0.42,1.27,37,0,1,6,2020,0,3,37,38,81,37.16666666666666,55.333333333333336
Ahmedabad,01-06-2020 01:00,28,133.5,26.18,8.1,0.5,23.79,37,1,1,6,2020,0,3,37,37,81,37.16666666666666,53.5
Ahmedabad,01-06-2020 02:00,31,175.5,25.95,7.1,0.52,0.85,37,2,1,6,2020,0,3,37,37,81,37.16666666666666,51.66666666666666
Ahmedabad,01-06-2020 03:00,30.5,172,23.8,5.3,0.54,1.4,37,3,1,6,2020,0,3,37,38,81,37,49.833333333333336
Ahmedabad,01-06-2020 04:00,19.5,141.5,14.75,5.05,0.41,20.25,37,4,1,6,2020,0,3,37,37,73,37,48.333333333333336
Ahmedabad,01-06-2020 05:00,12.25,112.5,17.85,4.25,0.47,28.45,37,5,1,6,2020,0,3,37,37,73,37,46.833333333333336
Ahmedabad,01-06-2020 06:00,23.25,122.25,26.7,2.7,0.87,18.77,104,6,1,6,2020,0,3,37,37,74,48.16666666666666,48.083333333333336
Ahmedabad,01-06-2020 07:00,25.75,131,22.07,2.52,0.85,54.1,105,7,1,6,2020,0,3,104,37,75,59.5,49.333333333333336
Ahmedabad,01-06-2020 08:00,27.75,141,29.45,3.15,0.55,0.95,106,8,1,6,2020,0,3,105,37,75,71,50.625
Ahmedabad,01-06-2020 09:00,42.25,144.5,32.1,1.97,0.64,0.7,107,9,1,6,2020,0,3,106,37,76,82.66666666666667,51.91666666666666
Ahmedabad,01-06-2020 10:00,29,111.25,28.17,0.7,0.61,1.62,107,10,1,6,2020,0,3,107,37,77,94.33333333333331,53.16666666666666
Ahmedabad,01-06-2020 11:00,14,73.5,21.2,0.4,0.6,0.85,106,11,1,6,2020,0,3,107,37,46,105.83333333333331,55.66666666666666
Ahmedabad,01-06-2020 12:00,7,57,20.6,20.02,0.58,6.08,105,12,1,6,2020,0,3,106,104,46,106,58.125
Ahmedabad,01-06-2020 13:00,6.75,47.25,11.7,4.52,0.36,8.43,103,13,1,6,2020,0,3,105,105,46,105.66666666666669,60.5
Ahmedabad,01-06-2020 14:00,6.75,37.25,14.72,9.88,0.46,90.65,101,14,1,6,2020,0,3,103,106,46,104.83333333333331,62.79166666666666
Ahmedabad,01-06-2020 15:00,9,41,12.4,14.15,0.33,126.99,101,15,1,6,2020,0,3,101,107,40,103.83333333333331,65.33333333333333
Ahmedabad,01-06-2020 16:00,4,22.5,13.08,15.65,0.37,23.44,100,16,1,6,2020,0,3,101,107,39,102.66666666666669,67.875
Ahmedabad,01-06-2020 17:00,3,19.75,13.68,9.68,0.43,50.15,99,17,1,6,2020,0,3,100,106,38,101.5,70.41666666666667
Ahmedabad,01-06-2020 18:00,5.75,22.75,16.52,5.4,0.49,97.05,97,18,1,6,2020,0,3,99,105,38,100.16666666666669,72.875
Ahmedabad,01-06-2020 19:00,5.5,18,18.05,5.68,0.42,51.8,97,19,1,6,2020,0,3,97,103,37,99.16666666666669,75.375
Ahmedabad,01-06-2020 20:00,7.25,25.25,23.42,5.05,0.54,23.3,97,20,1,6,2020,0,3,97,101,37,98.5,77.875
Ahmedabad,01-06-2020 21:00,7.25,29.25,24.07,6.28,0.48,22.12,97,21,1,6,2020,0,3,97,101,38,97.83333333333331,80.33333333333333
Ahmedabad,01-06-2020 22:00,4.75,31.5,18.1,5.18,0.36,23.85,97,22,1,6,2020,0,3,97,100,37,97.33333333333331,82.83333333333333
Ahmedabad,01-06-2020 23:00,4,36,15.6,3.15,0.29,27.85,97,23,1,6,2020,0,3,97,99,37,97,85.33333333333333
Ahmedabad,02-06-2020 00:00,1.75,31,11.77,17.15,0.13,20.02,97,0,2,6,2020,1,3,97,97,37,97,87.83333333333333
Ahmedabad,02-06-2020 01:00,5,38,9.65,6.08,0.27,13.92,97,1,2,6,2020,1,3,97,97,37,97,90.33333333333331
Ahmedabad,02-06-2020 02:00,17,59,9.2,5.4,0.25,3.97,69,2,2,6,2020,1,3,97,97,37,92.33333333333331,91.66666666666669
Ahmedabad,02-06-2020 03:00,9.5,66,7.9,6.52,0.34,2,65,3,2,6,2020,1,3,69,97,37,87,92.83333333333331
Ahmedabad,02-06-2020 04:00,8,47.75,12.62,12.43,0.46,1.7,61,4,2,6,2020,1,3,65,97,37,81,93.83333333333331
Ahmedabad,02-06-2020 05:00,12.14,21,11.05,12.35,0.37,11.15,57,5,2,6,2020,1,3,61,97,37,74.33333333333333,94.66666666666669
Ahmedabad,02-06-2020 06:00,10.3,30.5,22.35,10.65,0.47,20.25,53,6,2,6,2020,1,3,57,97,104,67,92.54166666666669
Ahmedabad,02-06-2020 07:00,20,41.75,30.75,11.67,0.78,20.7,50,7,2,6,2020,1,3,53,97,105,59.16666666666666,90.25
Ahmedabad,02-06-2020 08:00,20.25,56,33.35,8.28,0.43,12.88,46,8,2,6,2020,1,3,50,69,106,55.333333333333336,87.75
Ahmedabad,02-06-2020 09:00,19,57.25,36.58,9.2,0.69,13.93,43,9,2,6,2020,1,3,46,65,107,51.66666666666666,85.08333333333333
Ahmedabad,02-06-2020 10:00,11.25,57.25,32.53,7.9,0.74,16.15,40,10,2,6,2020,1,3,43,61,107,48.16666666666666,82.29166666666667
Ahmedabad,02-06-2020 11:00,6,43.5,15.67,3.85,0.5,27.6,39,11,2,6,2020,1,3,40,57,106,45.16666666666666,79.5
Ahmedabad,02-06-2020 12:00,13.25,34.75,15.45,12.8,0.5,40.38,40,12,2,6,2020,1,3,39,53,105,43,76.79166666666667
Ahmedabad,02-06-2020 13:00,38.78,29.75,15.6,9.4,0.45,29.88,40,13,2,6,2020,1,3,40,50,103,41.333333333333336,74.16666666666667
Ahmedabad,02-06-2020 14:00,29.3,25.75,15.9,7.85,0.51,29.1,40,14,2,6,2020,1,3,40,46,101,40.333333333333336,71.625
Ahmedabad,02-06-2020 15:00,3.97,25,15.35,10.77,0.34,19.45,40,15,2,6,2020,1,3,40,43,101,39.833333333333336,69.08333333333333
Ahmedabad,02-06-2020 16:00,29.25,48.76,11.8,9.7,0.4,29.7,40,16,2,6,2020,1,3,40,40,100,39.833333333333336,66.58333333333333
Ahmedabad,02-06-2020 17:00,5.5,28,11.25,6.4,0,35.58,40,17,2,6,2020,1,3,40,39,99,40,64.125
Ahmedabad,02-06-2020 18:00,6,29,18.95,7,0.45,27.8,40,18,2,6,2020,1,3,40,40,97,40,61.75
Ahmedabad,02-06-2020 19:00,7.75,42,23.35,4.93,0.59,17.08,40,19,2,6,2020,1,3,40,40,97,40,59.375
Ahmedabad,02-06-2020 20:00,7.5,52.5,18.55,4.45,0.66,11.4,40,20,2,6,2020,1,3,40,40,97,40,57
Ahmedabad,02-06-2020 21:00,7.5,47,25,5.8,0.75,27.77,40,21,2,6,2020,1,3,40,40,97,40,54.625
Ahmedabad,02-06-2020 22:00,7,50.75,35.9,15.5,0.58,20.4,41,22,2,6,2020,1,3,40,40,97,40.16666666666666,52.29166666666666
Ahmedabad,02-06-2020 23:00,9.5,82.5,37.27,13.82,0.6,19.6,43,23,2,6,2020,1,3,41,40,97,40.66666666666666,50.04166666666666
Ahmedabad,03-06-2020 00:00,13.5,121.25,46.4,20.43,0.61,17.32,47,0,3,6,2020,2,3,43,40,97,41.833333333333336,47.958333333333336
Ahmedabad,03-06-2020 01:00,28.25,185.75,48.7,4.62,0.43,13.4,54,1,3,6,2020,2,3,47,40,97,44.16666666666666,46.16666666666666
Ahmedabad,03-06-2020 02:00,30,167.25,48.22,13.67,0.34,8.97,58,2,3,6,2020,2,3,54,40,69,47.16666666666666,45.708333333333336
Ahmedabad,03-06-2020 03:00,26.5,130,49.27,7.75,0.38,5.6,61,3,3,6,2020,2,3,58,40,65,50.66666666666666,45.54166666666666
Ahmedabad,03-06-2020 04:00,32,203,49.8,2.4,0.56,5.75,68,4,3,6,2020,2,3,61,41,61,55.16666666666666,45.833333333333336
Ahmedabad,03-06-2020 05:00,26.5,185.75,42.62,7.4,0.7,17.32,75,5,3,6,2020,2,3,68,43,57,60.5,46.583333333333336
Ahmedabad,03-06-2020 06:00,26.5,140.5,38.25,6.47,0.79,20.25,80,6,3,6,2020,2,3,75,47,53,66,47.708333333333336
Ahmedabad,03-06-2020 07:00,23.25,138.25,43.62,14.4,0.63,19.7,84,7,3,6,2020,2,3,80,54,50,71,49.125
Ahmedabad,03-06-2020 08:00,27,205.25,44.1,27.95,0.59,24,91,8,3,6,2020,2,3,84,58,46,76.5,51
Ahmedabad,03-06-2020 09:00,25,102.5,18.82,6.52,0.39,35.58,92,9,3,6,2020,2,3,91,61,43,81.66666666666667,53.04166666666666
Ahmedabad,03-06-2020 10:00,24,72,18.75,0.6,0.47,34.5,93,10,3,6,2020,2,3,92,68,40,85.83333333333333,55.25
Ahmedabad,03-06-2020 11:00,39.25,113,38.57,6.05,0.81,33.95,96,11,3,6,2020,2,3,93,75,39,89.33333333333333,57.625
Ahmedabad,03-06-2020 12:00,31.5,125.5,27.7,3.05,0.7,42.85,100,12,3,6,2020,2,3,96,80,40,92.66666666666669,60.125
Ahmedabad,03-06-2020 13:00,5.25,59.5,20.7,3.8,0.55,32.75,101,13,3,6,2020,2,3,100,84,40,95.5,62.66666666666666
Ahmedabad,03-06-2020 14:00,3,41,15.97,2.23,0.62,32.77,101,14,3,6,2020,2,3,101,91,40,97.16666666666669,65.20833333333333
Ahmedabad,03-06-2020 15:00,2,26,13.8,2.78,0.71,29.65,101,15,3,6,2020,2,3,101,92,40,98.66666666666669,67.75
Ahmedabad,03-06-2020 16:00,2,28.75,14.12,2.1,0.71,30.48,99,16,3,6,2020,2,3,101,93,40,99.66666666666669,70.20833333333333
Ahmedabad,03-06-2020 17:00,9,43.5,17.18,3.42,0.45,32.8,100,17,3,6,2020,2,3,99,96,40,100.33333333333331,72.70833333333333
Ahmedabad,03-06-2020 18:00,8.25,50.5,20.25,1,0.52,21.28,100,18,3,6,2020,2,3,100,100,40,100.33333333333331,75.20833333333333
Ahmedabad,03-06-2020 19:00,9.25,61.5,23.9,0.1,0.58,18.57,101,19,3,6,2020,2,3,100,101,40,100.33333333333331,77.75
Ahmedabad,03-06-2020 20:00,19.5,89.75,31.92,0.5,0.79,4.65,102,20,3,6,2020,2,3,101,101,40,100.5,80.33333333333333
Ahmedabad,03-06-2020 21:00,16.25,79.5,22.6,4.7,0.66,29.27,103,21,3,6,2020,2,3,102,101,40,100.83333333333331,82.95833333333333
Ahmedabad,03-06-2020 22:00,1.75,49,17.5,6.3,0.52,30.38,103,22,3,6,2020,2,3,103,99,41,101.5,85.54166666666667
Ahmedabad,03-06-2020 23:00,1,43,14.95,7.25,0.52,29.9,102,23,3,6,2020,2,3,103,100,43,101.83333333333331,88
Ahmedabad,04-06-2020 00:00,6.25,35.5,16.35,6.7,0.46,32.23,99,0,4,6,2020,3,3,102,100,47,101.66666666666669,90.16666666666669
Ahmedabad,04-06-2020 01:00,7.75,43.5,16.9,6.93,0.24,25.52,93,1,4,6,2020,3,3,99,101,54,100.33333333333331,91.79166666666669
Ahmedabad,04-06-2020 02:00,13.5,66.25,13.22,4.22,0.21,24.12,89,2,4,6,2020,3,3,93,102,58,98.16666666666669,93.08333333333331
Ahmedabad,04-06-2020 03:00,27.5,90,13.2,1.67,0.22,21.9,87,3,4,6,2020,3,3,89,103,61,95.5,94.16666666666669
Ahmedabad,04-06-2020 04:00,37,125.25,20.3,2.8,0.67,12.4,84,4,4,6,2020,3,3,87,103,68,92.33333333333331,94.83333333333331
Ahmedabad,04-06-2020 05:00,27.5,100.25,24.52,6,0.82,18.7,80,5,4,6,2020,3,3,84,102,75,88.66666666666667,95.04166666666669
Ahmedabad,04-06-2020 06:00,7,72.75,18.75,5.95,0.62,39.62,78,6,4,6,2020,3,3,80,99,80,85.16666666666667,94.95833333333331
Ahmedabad,04-06-2020 07:00,6.25,45.5,28.4,8.03,0.76,33.3,74,7,4,6,2020,3,3,78,93,84,82,94.54166666666669
Ahmedabad,04-06-2020 08:00,12,74.5,25.38,11.05,0.76,35.45,68,8,4,6,2020,3,3,74,89,91,78.5,93.58333333333331
Ahmedabad,04-06-2020 09:00,9.5,56.75,25.93,8.57,0.56,26.65,66,9,4,6,2020,3,3,68,87,92,75,92.5
Ahmedabad,04-06-2020 10:00,10.25,72,17.3,0.4,0.39,27.6,66,10,4,6,2020,3,3,66,84,93,72,91.375
Ahmedabad,04-06-2020 11:00,8,48,15.8,1.34,0.41,26.4,64,11,4,6,2020,3,3,66,80,96,69.33333333333333,90.04166666666667
Ahmedabad,04-06-2020 12:00,33,63.75,27.25,13.78,0.49,29.98,61,12,4,6,2020,3,3,64,78,100,66.5,88.41666666666667
Ahmedabad,04-06-2020 13:00,9,16,46.6,6.6,0.64,21.38,59,13,4,6,2020,3,3,61,74,101,64,86.66666666666667
Ahmedabad,04-06-2020 14:00,8.25,21.75,53.28,10.95,0.68,21.88,58,14,4,6,2020,3,3,59,68,101,62.333333333333336,84.875
Ahmedabad,04-06-2020 15:00,3.5,38.5,48.47,12.2,0.73,30.7,59,15,4,6,2020,3,3,58,66,101,61.16666666666666,83.125
Ahmedabad,04-06-2020 16:00,2,42.75,51,15.5,0.79,27.4,60,16,4,6,2020,3,3,59,66,99,60.16666666666666,81.5
Ahmedabad,04-06-2020 17:00,9.75,55.5,71.75,9.55,0.67,35.92,60,17,4,6,2020,3,3,60,64,100,59.5,79.83333333333333
Ahmedabad,04-06-2020 18:00,26.5,84.75,63.73,4.15,0.74,29.8,62,18,4,6,2020,3,3,60,61,100,59.66666666666666,78.25
Ahmedabad,04-06-2020 19:00,38.25,116.75,50.15,13.28,0.89,20.3,64,19,4,6,2020,3,3,62,59,101,60.5,76.70833333333333
Ahmedabad,04-06-2020 20:00,47.75,147.25,41.95,14.66,0.91,16.45,66,20,4,6,2020,3,3,64,58,102,61.833333333333336,75.20833333333333
Ahmedabad,04-06-2020 21:00,34.25,130.5,52.77,3.15,1.06,20.93,68,21,4,6,2020,3,3,66,59,103,63.333333333333336,73.75
Ahmedabad,04-06-2020 22:00,29.5,135.5,64.95,10.57,1.35,14.82,72,22,4,6,2020,3,3,68,60,103,65.33333333333333,72.45833333333333
Ahmedabad,04-06-2020 23:00,45,166.25,45.65,8.9,1.27,20.1,77,23,4,6,2020,3,3,72,60,102,68.16666666666667,71.41666666666667
Ahmedabad,05-06-2020 00:00,33,146,42.35,9.9,1.68,20.1,84,0,5,6,2020,4,3,77,62,99,71.83333333333333,70.79166666666667
Ahmedabad,05-06-2020 01:00,27.5,102.75,40.38,3.5,0.46,18.73,84,1,5,6,2020,4,3,84,64,93,75.16666666666667,70.41666666666667
Ahmedabad,05-06-2020 02:00,30.5,89.25,49.92,5.7,0.35,11.72,85,2,5,6,2020,4,3,84,66,89,78.33333333333333,70.25
Ahmedabad,05-06-2020 03:00,36.25,95,45.77,54.31,0.36,11.8,85,3,5,6,2020,4,3,85,68,87,81.16666666666667,70.16666666666667
Ahmedabad,05-06-2020 04:00,35.5,86.25,45.05,4.72,0.46,8.65,84,4,5,6,2020,4,3,85,72,84,83.16666666666667,70.16666666666667
Ahmedabad,05-06-2020 05:00,23.25,68,42.15,8.72,0.57,15.88,84,5,5,6,2020,4,3,84,77,80,84.33333333333333,70.33333333333333
Ahmedabad,05-06-2020 06:00,27,69.5,51.38,11.03,0.7,14.38,84,6,5,6,2020,4,3,84,84,78,84.33333333333333,70.58333333333333
Ahmedabad,05-06-2020 07:00,26.5,74.75,53,13.22,0.57,18.95,84,7,5,6,2020,4,3,84,84,74,84.33333333333333,71
Ahmedabad,05-06-2020 08:00,25.5,83.25,56.53,21.38,0.62,23.5,84,8,5,6,2020,4,3,84,85,68,84.16666666666667,71.66666666666667
Ahmedabad,05-06-2020 09:00,31.5,96,44.45,11.8,0.52,32.9,85,9,5,6,2020,4,3,84,85,66,84.16666666666667,72.45833333333333
Ahmedabad,05-06-2020 10:00,36,90,31,5.48,0.56,27.8,86,10,5,6,2020,4,3,85,84,66,84.5,73.29166666666667
Ahmedabad,05-06-2020 11:00,22.25,94.5,24.65,20.55,0.49,25.5,88,11,5,6,2020,4,3,86,84,64,85.16666666666667,74.29166666666667
Ahmedabad,05-06-2020 12:00,11.5,88,21.85,6.86,0.64,25.05,89,12,5,6,2020,4,3,88,84,61,86,75.45833333333333
Ahmedabad,05-06-2020 13:00,28.5,120.5,37.75,10.97,0.89,30.95,93,13,5,6,2020,4,3,89,84,59,87.5,76.875
Ahmedabad,05-06-2020 14:00,21,128,37.7,17.55,0.95,31.95,98,14,5,6,2020,4,3,93,84,58,89.83333333333333,78.54166666666667
Ahmedabad,05-06-2020 15:00,17.08,55.31,17.72,5.31,0.22,25.98,100,15,5,6,2020,4,3,98,85,59,92.33333333333331,80.25
Ahmedabad,05-06-2020 16:00,2.21,14.22,9.13,2.5,1.9,46.06,102,16,5,6,2020,4,3,100,86,60,95,82
Ahmedabad,05-06-2020 17:00,10.03,21.41,13.79,1.85,2.71,48.68,104,17,5,6,2020,4,3,102,88,60,97.66666666666669,83.83333333333333
Ahmedabad,05-06-2020 18:00,17.47,27.54,23.3,12.89,0.81,40.04,104,18,5,6,2020,4,3,104,89,62,100.16666666666669,85.58333333333333
Ahmedabad,05-06-2020 19:00,23.55,46.61,7.4,15.47,0.49,22.38,104,19,5,6,2020,4,3,104,93,64,102,87.25
Ahmedabad,05-06-2020 20:00,21,128,54.6,6.1,1.71,14.12,103,20,5,6,2020,4,3,104,98,66,102.83333333333331,88.79166666666667
Ahmedabad,05-06-2020 21:00,49,234,65.83,2.9,2.02,22.85,107,21,5,6,2020,4,3,103,100,68,104,90.41666666666669
Ahmedabad,05-06-2020 22:00,45.5,212.75,59.12,4.31,1.65,26.35,110,22,5,6,2020,4,3,107,102,72,105.33333333333331,92
Ahmedabad,05-06-2020 23:00,33.25,131.5,47.12,6.38,1.02,35.65,108,23,5,6,2020,4,3,110,104,77,106,93.29166666666669
Ahmedabad,06-06-2020 00:00,33.75,89.25,42.77,5.22,0.69,31.55,106,0,6,6,2020,5,3,108,104,84,106.33333333333331,94.20833333333331
Ahmedabad,06-06-2020 01:00,51,120,52.98,6.1,0.48,19.2,107,1,6,6,2020,5,3,106,104,84,106.83333333333331,95.16666666666669
Ahmedabad,06-06-2020 02:00,55.75,116.5,33,3.3,0.55,22.62,108,2,6,6,2020,5,3,107,103,85,107.66666666666669,96.125
Ahmedabad,06-06-2020 03:00,40,94,46.05,5.88,0.75,27.4,108,3,6,6,2020,5,3,108,107,85,107.83333333333331,97.08333333333331
Ahmedabad,06-06-2020 04:00,19,73,34.22,10.47,0.52,23.75,107,4,6,6,2020,5,3,108,110,84,107.33333333333331,98.04166666666669
Ahmedabad,06-06-2020 05:00,27.25,69.75,36.12,7.73,0.62,28.5,107,5,6,6,2020,5,3,107,108,84,107.16666666666669,99
Ahmedabad,06-06-2020 06:00,28,66,57.22,10.92,0.7,18.23,107,6,6,6,2020,5,3,107,106,84,107.33333333333331,99.95833333333331
Ahmedabad,06-06-2020 07:00,28,76,57.92,11.15,0.44,21.02,107,7,6,6,2020,5,3,107,107,84,107.33333333333331,100.91666666666669
Ahmedabad,06-06-2020 08:00,31,93,44.17,3.5,0.36,19.7,108,8,6,6,2020,5,3,107,108,84,107.33333333333331,101.91666666666669
Ahmedabad,06-06-2020 09:00,33.5,95,28.02,5.03,0.37,25.8,108,9,6,6,2020,5,3,108,108,85,107.33333333333331,102.875
Ahmedabad,06-06-2020 10:00,28.5,91.5,34.4,9.98,0.57,31.95,108,10,6,6,2020,5,3,108,107,86,107.5,103.79166666666669
Ahmedabad,06-06-2020 11:00,18,90,35.17,12.75,1.22,38.85,108,11,6,6,2020,5,3,108,107,88,107.66666666666669,104.625
Ahmedabad,06-06-2020 12:00,15.25,90,28,9.55,0.61,41.6,108,12,6,6,2020,5,3,108,107,89,107.83333333333331,105.41666666666669
Ahmedabad,06-06-2020 13:00,17.5,75.5,19.38,8.03,0.55,41,106,13,6,6,2020,5,3,108,107,93,107.66666666666669,105.95833333333331
Ahmedabad,06-06-2020 14:00,11.5,56.25,15.95,6.6,0.58,41.83,104,14,6,6,2020,5,3,106,108,98,107,106.20833333333331
Ahmedabad,06-06-2020 15:00,6,46.25,10.97,1.3,0.36,40.83,102,15,6,6,2020,5,3,104,108,100,106,106.29166666666669
Ahmedabad,06-06-2020 16:00,2.5,41.5,14.8,13.26,0.29,37.25,100,16,6,6,2020,5,3,102,108,102,104.66666666666669,106.20833333333331
Ahmedabad,06-06-2020 17:00,5,50.5,18.77,5.9,0.42,35.88,97,17,6,6,2020,5,3,100,108,104,102.83333333333331,105.91666666666669
Ahmedabad,06-06-2020 18:00,14.5,66,44.3,6.4,0.72,25.57,96,18,6,6,2020,5,3,97,108,104,100.83333333333331,105.58333333333331
Ahmedabad,06-06-2020 19:00,8,45.25,60,9.25,0.88,20.7,94,19,6,6,2020,5,3,96,106,104,98.83333333333331,105.16666666666669
Ahmedabad,06-06-2020 20:00,9.75,46,55.2,9.78,0.98,24.75,90,20,6,6,2020,5,3,94,104,103,96.5,104.625
Ahmedabad,06-06-2020 21:00,6.75,50.25,41.17,6.15,0.95,30.35,83,21,6,6,2020,5,3,90,102,107,93.33333333333331,103.625
Ahmedabad,06-06-2020 22:00,11.25,71,53.33,3.75,1.02,22.1,77,22,6,6,2020,5,3,83,100,110,89.5,102.25
Ahmedabad,06-06-2020 23:00,18,86.75,58.15,0.85,0.65,22.12,75,23,6,6,2020,5,3,77,97,108,85.83333333333333,100.875
Ahmedabad,07-06-2020 00:00,20.75,65.25,56.3,5.42,0.45,20.73,74,0,7,6,2020,6,3,75,96,106,82.16666666666667,99.54166666666669
Ahmedabad,07-06-2020 01:00,25,70.5,48.92,4.03,0.42,18.75,72,1,7,6,2020,6,3,74,94,107,78.5,98.08333333333331
Ahmedabad,07-06-2020 02:00,16.25,55,47.83,3.97,0.46,18.75,69,2,7,6,2020,6,3,72,90,108,75,96.45833333333331
Ahmedabad,07-06-2020 03:00,27,53.75,35.78,5.33,0.59,26.4,68,3,7,6,2020,6,3,69,83,108,72.5,94.79166666666669
Ahmedabad,07-06-2020 04:00,27,75.25,45.2,8.78,0.48,16.15,68,4,7,6,2020,6,3,68,77,107,71,93.16666666666669
Ahmedabad,07-06-2020 05:00,16.75,94.5,32.33,7.35,0.58,21.18,69,5,7,6,2020,6,3,68,75,107,70,91.58333333333331
Ahmedabad,07-06-2020 06:00,22,98.5,42.83,6.22,1.06,18.55,70,6,7,6,2020,6,3,69,74,107,69.33333333333333,90.04166666666667
Ahmedabad,07-06-2020 07:00,55,150.25,54.77,4.78,0.97,20.9,73,7,7,6,2020,6,3,70,72,107,69.5,88.625
Ahmedabad,07-06-2020 08:00,70.5,188.5,58.2,4.4,0.42,20.4,77,8,7,6,2020,6,3,73,69,108,70.83333333333333,87.33333333333333
Ahmedabad,07-06-2020 09:00,59.75,161,45.15,2.8,0.53,29.62,80,9,7,6,2020,6,3,77,68,108,72.83333333333333,86.16666666666667
Ahmedabad,07-06-2020 10:00,36,118.75,38.28,0.2,0.52,33.17,81,10,7,6,2020,6,3,80,68,108,75,85.04166666666667
Ahmedabad,07-06-2020 11:00,32.5,117,29.73,0.9,0.65,39.77,82,11,7,6,2020,6,3,81,69,108,77.16666666666667,83.95833333333333
Ahmedabad,07-06-2020 12:00,13,105.25,22.85,5.6,0.65,44.55,83,12,7,6,2020,6,3,82,70,108,79.33333333333333,82.91666666666667
Ahmedabad,07-06-2020 13:00,13,79,21.1,5.53,0.49,48.75,83,13,7,6,2020,6,3,83,73,106,81,81.95833333333333
Ahmedabad,07-06-2020 14:00,26,72,17.43,4.12,0.52,51.98,84,14,7,6,2020,6,3,83,77,104,82.16666666666667,81.125
Ahmedabad,07-06-2020 15:00,22.25,74.75,13.9,1.1,0.34,54.42,85,15,7,6,2020,6,3,84,80,102,83,80.41666666666667
Ahmedabad,07-06-2020 16:00,18.25,75.75,10.93,2.36,0.31,47.4,86,16,7,6,2020,6,3,85,81,100,83.83333333333333,79.83333333333333
Ahmedabad,07-06-2020 17:00,13,81,11.02,4.9,0.39,38.48,88,17,7,6,2020,6,3,86,82,97,84.83333333333333,79.45833333333333
Ahmedabad,07-06-2020 18:00,53,140,11.1,6.88,0.44,36.73,91,18,7,6,2020,6,3,88,83,96,86.16666666666667,79.25
Ahmedabad,07-06-2020 19:00,52.25,137.5,20.6,8.18,0.57,34.1,94,19,7,6,2020,6,3,91,83,94,88,79.25
Ahmedabad,07-06-2020 20:00,17.75,105.75,48,11.25,0.96,27.07,97,20,7,6,2020,6,3,94,84,90,90.16666666666669,79.54166666666667
Ahmedabad,07-06-2020 21:00,27.25,140.5,48.52,10.1,0.79,30.27,100,21,7,6,2020,6,3,97,85,83,92.66666666666669,80.25
Ahmedabad,07-06-2020 22:00,23.75,106,36.3,5.47,0.65,36.03,101,22,7,6,2020,6,3,100,86,77,95.16666666666669,81.25
Ahmedabad,07-06-2020 23:00,24.5,81.5,55.17,13.32,0.4,26.78,101,23,7,6,2020,6,3,101,88,75,97.33333333333331,82.33333333333333
Ahmedabad,08-06-2020 00:00,14.25,57.75,34.1,6.27,0.29,39.83,101,0,8,6,2020,0,3,101,91,74,99,83.45833333333333
Ahmedabad,08-06-2020 01:00,25.75,64.25,65.25,4.2,0.43,21.15,101,1,8,6,2020,0,3,101,94,72,100.16666666666669,84.66666666666667
Ahmedabad,08-06-2020 02:00,32,128.75,71.5,5.55,0.49,12.8,103,2,8,6,2020,0,3,101,97,69,101.16666666666669,86.08333333333333
Ahmedabad,08-06-2020 03:00,33,151.5,67.32,5.9,0.7,10.9,106,3,8,6,2020,0,3,103,100,68,102.16666666666669,87.66666666666667
Ahmedabad,08-06-2020 04:00,37,196.5,73.58,11.6,0.71,16.38,109,4,8,6,2020,0,3,106,101,68,103.5,89.375
Ahmedabad,08-06-2020 05:00,53.25,301.5,66.93,7.9,0.7,15.85,115,5,8,6,2020,0,3,109,101,69,105.83333333333331,91.29166666666669
Ahmedabad,08-06-2020 06:00,44,203.75,37.42,6.73,0.72,23.6,118,6,8,6,2020,0,3,115,101,70,108.66666666666669,93.29166666666669
Ahmedabad,08-06-2020 07:00,30.75,110.75,34.75,15.57,0.5,33.25,117,7,8,6,2020,0,3,118,101,73,111.33333333333331,95.125
Ahmedabad,08-06-2020 08:00,29.5,113.5,31.38,6.07,0.53,29.57,115,8,8,6,2020,0,3,117,103,77,113.33333333333331,96.70833333333331
Ahmedabad,08-06-2020 09:00,38.25,144,41.92,2.3,0.89,21.3,114,9,8,6,2020,0,3,115,106,80,114.66666666666669,98.125
Ahmedabad,08-06-2020 10:00,47.75,156.25,59.92,2.7,0.79,16.5,115,10,8,6,2020,0,3,114,109,81,115.66666666666669,99.54166666666669
Ahmedabad,08-06-2020 11:00,53.75,163.5,40.35,0.6,1.36,32.67,116,11,8,6,2020,0,3,115,115,82,115.83333333333331,100.95833333333331
Ahmedabad,08-06-2020 12:00,25.75,127,32.6,7.5,0.82,41.1,117,12,8,6,2020,0,3,116,118,83,115.66666666666669,102.375
Ahmedabad,08-06-2020 13:00,37.75,115,25.32,3.67,0.61,51.17,118,13,8,6,2020,0,3,117,117,83,115.83333333333331,103.83333333333331
Ahmedabad,08-06-2020 14:00,25.25,95.25,20.45,0.88,0.59,55.3,119,14,8,6,2020,0,3,118,115,84,116.5,105.29166666666669
Ahmedabad,08-06-2020 15:00,32.75,92.5,18.78,0.7,0.55,59.48,119,15,8,6,2020,0,3,119,114,85,117.33333333333331,106.70833333333331
Ahmedabad,08-06-2020 16:00,26.25,102.25,18.65,10.22,0.41,70.3,120,16,8,6,2020,0,3,119,115,86,118.16666666666669,108.125
Ahmedabad,08-06-2020 17:00,30,118.75,27.45,11.6,0.62,67.3,121,17,8,6,2020,0,3,120,116,88,119,109.5
Ahmedabad,08-06-2020 18:00,39.75,150.25,32.8,12.03,0.71,62.48,121,18,8,6,2020,0,3,121,117,91,119.66666666666669,110.75
Ahmedabad,08-06-2020 19:00,42,157,52.8,11.2,0.86,35.53,122,19,8,6,2020,0,3,121,118,94,120.33333333333331,111.91666666666669
Ahmedabad,08-06-2020 20:00,17.5,179.25,26.78,11.27,0.41,46.05,124,20,8,6,2020,0,3,122,119,97,121.16666666666669,113.04166666666669
Ahmedabad,08-06-2020 21:00,12,18.75,43.92,9.93,0.63,40,120,21,8,6,2020,0,3,124,119,100,121.33333333333331,113.875
Ahmedabad,08-06-2020 22:00,9.25,29.25,45,8.43,0.65,35.9,118,22,8,6,2020,0,3,120,120,101,121,114.58333333333331
Ahmedabad,08-06-2020 23:00,9.75,26.25,28.38,7.68,0.43,41.08,117,23,8,6,2020,0,3,118,121,101,120.33333333333331,115.25
Ahmedabad,09-06-2020 00:00,9.5,28.25,39.88,7.55,0.41,27.32,116,0,9,6,2020,1,3,117,121,101,119.5,115.875
Ahmedabad,09-06-2020 01:00,11.5,43.75,32.15,5.65,0.35,29.77,115,1,9,6,2020,1,3,116,122,101,118.33333333333331,116.45833333333331
Ahmedabad,09-06-2020 02:00,16,51.5,35.73,2.35,0.39,23.95,113,2,9,6,2020,1,3,115,124,103,116.5,116.875
Ahmedabad,09-06-2020 03:00,22.25,46.75,39.88,1.97,0.46,29.5,110,3,9,6,2020,1,3,113,120,106,114.83333333333331,117.04166666666669
Ahmedabad,09-06-2020 04:00,17,40.5,50.52,16.05,0.57,16.05,106,4,9,6,2020,1,3,110,118,109,112.83333333333331,116.91666666666669
Ahmedabad,09-06-2020 05:00,24,50.75,46.02,8,0.91,19.68,99,5,9,6,2020,1,3,106,117,115,109.83333333333331,116.25
Ahmedabad,09-06-2020 06:00,21.25,68.75,47.18,11.69,1.82,17.62,93,6,9,6,2020,1,3,99,116,118,106,115.20833333333331
Ahmedabad,09-06-2020 07:00,34.5,120.25,51.05,15.22,2,20.88,100,7,9,6,2020,1,3,93,115,117,103.5,114.5
Ahmedabad,09-06-2020 08:00,46,117.5,52.25,12.44,0.91,17.73,100,8,9,6,2020,1,3,100,113,115,101.33333333333331,113.875
Ahmedabad,09-06-2020 09:00,48.75,125.25,52.3,4.68,0.67,26.5,100,9,9,6,2020,1,3,100,110,114,99.66666666666669,113.29166666666669
Ahmedabad,09-06-2020 10:00,51,118,46.88,3.88,0.66,36.78,100,10,9,6,2020,1,3,100,106,115,98.66666666666669,112.66666666666669
Ahmedabad,09-06-2020 11:00,38.25,125.25,38.65,2.4,0.8,42.08,100,11,9,6,2020,1,3,100,99,116,98.83333333333331,112
Ahmedabad,09-06-2020 12:00,26.75,109,47.9,10.75,1.08,52.8,100,12,9,6,2020,1,3,100,93,117,100,111.29166666666669
Ahmedabad,09-06-2020 13:00,25.25,98.5,52.47,5.15,0.87,50.58,100,13,9,6,2020,1,3,100,100,118,100,110.54166666666669
Ahmedabad,09-06-2020 14:00,26.25,83.5,38.23,2.17,0.72,59.43,100,14,9,6,2020,1,3,100,100,119,100,109.75
Ahmedabad,09-06-2020 15:00,32.5,76,23.75,1.4,0.54,64.12,87,15,9,6,2020,1,3,100,100,119,97.83333333333331,108.41666666666669
Ahmedabad,09-06-2020 16:00,24.25,72,25.52,3.4,0.43,67.58,86,16,9,6,2020,1,3,87,100,120,95.5,107
Ahmedabad,09-06-2020 17:00,34.25,96.25,26.88,4.4,0.56,61.22,85,17,9,6,2020,1,3,86,100,121,93,105.5
Ahmedabad,09-06-2020 18:00,41.25,117.5,46.35,4.1,1.01,43.05,83,18,9,6,2020,1,3,85,100,121,90.16666666666669,103.91666666666669
Ahmedabad,09-06-2020 19:00,36.25,85.25,55.35,1.95,0.86,36.6,80,19,9,6,2020,1,3,83,100,122,86.83333333333333,102.16666666666669
Ahmedabad,09-06-2020 20:00,44.5,55.75,96.3,5.53,1.41,19.68,75,20,9,6,2020,1,3,80,100,124,82.66666666666667,100.125
Ahmedabad,09-06-2020 21:00,40,87,103.88,4.68,1.78,14.1,89,21,9,6,2020,1,3,75,87,120,83,98.83333333333331
Ahmedabad,09-06-2020 22:00,42.5,108.25,80.3,2.38,1.07,17.95,89,22,9,6,2020,1,3,89,86,118,83.5,97.625
Ahmedabad,09-06-2020 23:00,50.5,124.25,73.12,7.85,0.84,17.77,89,23,9,6,2020,1,3,89,85,117,84.16666666666667,96.45833333333331
Ahmedabad,10-06-2020 00:00,50.5,107.5,57.88,18.22,0.54,19.97,89,0,10,6,2020,2,3,89,83,116,85.16666666666667,95.33333333333331
Ahmedabad,10-06-2020 01:00,48.75,87,47.95,3.9,0.47,15.3,91,1,10,6,2020,2,3,89,80,115,87,94.33333333333331
Ahmedabad,10-06-2020 02:00,57.5,108,53.25,4.15,0.49,10.23,93,2,10,6,2020,2,3,91,75,113,90,93.5
Ahmedabad,10-06-2020 03:00,59,126,59.55,3.02,0.52,8.05,96,3,10,6,2020,2,3,93,89,110,91.16666666666669,92.91666666666669
Ahmedabad,10-06-2020 04:00,30.75,86.25,50.25,5.75,0.57,16.02,98,4,10,6,2020,2,3,96,89,106,92.66666666666669,92.58333333333331
Ahmedabad,10-06-2020 05:00,26.25,75.25,54.03,6.25,0.65,13.38,99,5,10,6,2020,2,3,98,89,99,94.33333333333331,92.58333333333331
Ahmedabad,10-06-2020 06:00,24,67,58.15,5.47,0.76,14.88,99,6,10,6,2020,2,3,99,89,93,96,92.83333333333331
Ahmedabad,10-06-2020 07:00,28,82,61.8,4.68,0.78,16.43,97,7,10,6,2020,2,3,99,91,100,97,92.70833333333331
Ahmedabad,10-06-2020 08:00,27,99,74.45,2.88,0.8,20.45,97,8,10,6,2020,2,3,97,93,100,97.66666666666669,92.58333333333331
Ahmedabad,10-06-2020 09:00,42.25,151.5,72.55,3.05,0.82,26,98,9,10,6,2020,2,3,97,96,100,98,92.5
Ahmedabad,10-06-2020 10:00,36.5,98.5,29.05,0.5,0.66,42.8,97,10,10,6,2020,2,3,98,98,100,97.83333333333331,92.375
Ahmedabad,10-06-2020 11:00,32.5,86.75,29.05,4.88,0.79,51.3,95,11,10,6,2020,2,3,97,99,100,97.16666666666669,92.16666666666669
Ahmedabad,10-06-2020 12:00,28.75,84,29.2,5.65,0.76,55.85,94,12,10,6,2020,2,3,95,99,100,96.33333333333331,91.91666666666669
Ahmedabad,10-06-2020 13:00,22,70.5,28.27,6.12,0.67,61.77,93,13,10,6,2020,2,3,94,97,100,95.66666666666669,91.625
Ahmedabad,10-06-2020 14:00,22,75,28.3,4,0.68,63.27,93,14,10,6,2020,2,3,93,97,100,95,91.33333333333331
Ahmedabad,10-06-2020 15:00,35,56.75,21.27,8.4,0.67,67.25,92,15,10,6,2020,2,3,93,98,87,94,91.54166666666669
Ahmedabad,10-06-2020 16:00,34.5,55,16.27,7.8,0.6,70.65,91,16,10,6,2020,2,3,92,97,86,93,91.75
Ahmedabad,10-06-2020 17:00,32.5,45.75,13.75,5.9,0.54,61.9,89,17,10,6,2020,2,3,91,95,85,92,91.91666666666669
Ahmedabad,10-06-2020 18:00,27.25,51.5,26.27,4.48,0.62,47.2,86,18,10,6,2020,2,3,89,94,83,90.66666666666669,92.04166666666669
Ahmedabad,10-06-2020 19:00,19,43.25,25.25,3.05,0.46,50.05,85,19,10,6,2020,2,3,86,93,80,89.33333333333333,92.25
Ahmedabad,10-06-2020 20:00,22.5,45.5,49.7,4.33,1.06,35.45,84,20,10,6,2020,2,3,85,93,75,87.83333333333333,92.625
Ahmedabad,10-06-2020 21:00,19.75,55.25,62.93,9.18,0.98,26.52,83,21,10,6,2020,2,3,84,92,89,86.33333333333333,92.375
Ahmedabad,10-06-2020 22:00,28,71.25,57.5,17.62,0.87,26.35,81,22,10,6,2020,2,3,83,91,89,84.66666666666667,92.04166666666669
Ahmedabad,10-06-2020 23:00,27,74.25,63.6,13.53,0.82,20.28,79,23,10,6,2020,2,3,81,89,89,83,91.625
Ahmedabad,11-06-2020 00:00,25.25,76.25,68.28,6,0.73,16,78,0,11,6,2020,3,3,79,86,89,81.66666666666667,91.16666666666669
Ahmedabad,11-06-2020 01:00,29,62,47.85,4.95,0.54,20.75,77,1,11,6,2020,3,3,78,85,91,80.33333333333333,90.58333333333331
Ahmedabad,11-06-2020 02:00,35.25,75.5,55.03,3.85,0.56,16,76,2,11,6,2020,3,3,77,84,93,79,89.875
Ahmedabad,11-06-2020 03:00,41.25,101.75,50.9,5.35,0.53,15.4,75,3,11,6,2020,3,3,76,83,96,77.66666666666667,89
Ahmedabad,11-06-2020 04:00,29,91.5,51.05,5.7,0.65,19,75,4,11,6,2020,3,3,75,81,98,76.66666666666667,88.04166666666667
Ahmedabad,11-06-2020 05:00,29.5,105.5,50.47,2.72,0.71,20.85,76,5,11,6,2020,3,3,75,79,99,76.16666666666667,87.08333333333333
Ahmedabad,11-06-2020 06:00,32.25,114.75,61.42,9.27,0.81,15.4,78,6,11,6,2020,3,3,76,78,99,76.16666666666667,86.20833333333333
Ahmedabad,11-06-2020 07:00,40.75,126.75,60.15,4.1,0.89,15.35,80,7,11,6,2020,3,3,78,77,97,76.66666666666667,85.5
Ahmedabad,11-06-2020 08:00,56.5,167,75.72,2.85,0.82,21.18,83,8,11,6,2020,3,3,80,76,97,77.83333333333333,84.91666666666667
Ahmedabad,11-06-2020 09:00,61,200,80.78,8.6,0.88,25.4,85,9,11,6,2020,3,3,83,75,98,79.5,84.375
Ahmedabad,11-06-2020 10:00,88.75,191,58.17,11.74,0.67,50.75,89,10,11,6,2020,3,3,85,75,97,81.83333333333333,84.04166666666667
Ahmedabad,11-06-2020 11:00,96,192.5,52.1,4.38,0.7,60.5,93,11,11,6,2020,3,3,89,76,95,84.66666666666667,83.95833333333333
Ahmedabad,11-06-2020 12:00,82.5,161.75,53.85,4.38,0.65,58.02,96,12,11,6,2020,3,3,93,78,94,87.66666666666667,84.04166666666667
Ahmedabad,11-06-2020 13:00,50,83.5,26.95,5.05,0.66,60.08,97,13,11,6,2020,3,3,96,80,93,90.5,84.20833333333333
Ahmedabad,11-06-2020 14:00,8,15,27,8.6,0.61,54.6,98,14,11,6,2020,3,3,97,83,93,93,84.41666666666667
Ahmedabad,11-06-2020 15:00,37.84,53.25,24.3,6.77,0.76,19.13,100,15,11,6,2020,3,3,98,85,92,95.5,84.75
Ahmedabad,11-06-2020 16:00,32.05,68.48,64.42,3.02,0.51,45.54,101,16,11,6,2020,3,3,100,89,91,97.5,85.16666666666667
Ahmedabad,11-06-2020 17:00,35.56,140.32,8.59,27.48,1.34,20.33,103,17,11,6,2020,3,3,101,93,89,99.16666666666669,85.75
Ahmedabad,11-06-2020 18:00,20.13,46.71,29.7,6.97,0.49,12.66,105,18,11,6,2020,3,3,103,96,86,100.66666666666669,86.54166666666667
Ahmedabad,11-06-2020 19:00,1,10,38.8,10.79,0.67,13.55,104,19,11,6,2020,3,3,105,97,85,101.83333333333331,87.33333333333333
Ahmedabad,11-06-2020 20:00,1.25,10,55.95,2.57,0.8,11.32,102,20,11,6,2020,3,3,104,98,84,102.5,88.08333333333333
Ahmedabad,11-06-2020 21:00,2.25,25,47.88,17.74,0.84,14.12,101,21,11,6,2020,3,3,102,100,83,102.66666666666669,88.83333333333333
Ahmedabad,11-06-2020 22:00,4.75,31.25,41.52,11.78,0.74,12.42,100,22,11,6,2020,3,3,101,101,81,102.5,89.625
Ahmedabad,11-06-2020 23:00,10.25,46,38.15,20.98,0.63,11.18,99,23,11,6,2020,3,3,100,103,79,101.83333333333331,90.45833333333331
Ahmedabad,12-06-2020 00:00,13,33.75,48.15,4.67,0.6,11.97,96,0,12,6,2020,4,3,99,105,78,100.33333333333331,91.20833333333331
Ahmedabad,12-06-2020 01:00,16.75,32,25.58,0.7,0.44,27.8,95,1,12,6,2020,4,3,96,104,77,98.83333333333331,91.95833333333331
Ahmedabad,12-06-2020 02:00,14.75,43.25,59.57,5.83,0.64,16.3,93,2,12,6,2020,4,3,95,102,76,97.33333333333331,92.66666666666669
Ahmedabad,12-06-2020 03:00,29,86,63.95,7.05,0.71,13.7,92,3,12,6,2020,4,3,93,101,75,95.83333333333331,93.375
Ahmedabad,12-06-2020 04:00,34,85,40.52,2.83,0.79,16.5,92,4,12,6,2020,4,3,92,100,75,94.5,94.08333333333331
Ahmedabad,12-06-2020 05:00,35.25,83.75,56.67,3.65,0.87,16.27,91,5,12,6,2020,4,3,92,99,76,93.16666666666669,94.70833333333331
Ahmedabad,12-06-2020 06:00,30,80,56.15,0.5,0.71,12.3,89,6,12,6,2020,4,3,91,96,78,92,95.16666666666669
Ahmedabad,12-06-2020 07:00,33.25,64.5,52.15,13.36,0.7,19.43,86,7,12,6,2020,4,3,89,95,80,90.5,95.41666666666669
Ahmedabad,12-06-2020 08:00,65.25,98.5,56.98,4.54,1.2,7.85,82,8,12,6,2020,4,3,86,93,83,88.66666666666667,95.375
Ahmedabad,12-06-2020 09:00,71,143,60.15,1.4,1.11,18.48,79,9,12,6,2020,4,3,82,92,85,86.5,95.125
Ahmedabad,12-06-2020 10:00,46.5,96.25,55.75,2.72,1.21,21.48,74,10,12,6,2020,4,3,79,92,89,83.5,94.5
Ahmedabad,12-06-2020 11:00,48.5,86.75,58.42,2.25,1.3,15.7,68,11,12,6,2020,4,3,74,91,93,79.66666666666667,93.45833333333331
Ahmedabad,12-06-2020 12:00,46.5,77.5,65.95,12.25,1.34,15.3,67,12,12,6,2020,4,3,68,89,96,76,92.25
Ahmedabad,12-06-2020 13:00,33.25,57.5,57.12,10.5,0.97,16.3,67,13,12,6,2020,4,3,67,86,97,72.83333333333333,91
Ahmedabad,12-06-2020 14:00,25,47,56.1,8.56,0.83,18.2,67,14,12,6,2020,4,3,67,82,98,70.33333333333333,89.70833333333333
Ahmedabad,12-06-2020 15:00,36.75,53,50.73,19.62,0.91,23.15,67,15,12,6,2020,4,3,67,79,100,68.33333333333333,88.33333333333333
Ahmedabad,12-06-2020 16:00,52.5,77.5,54.48,4.3,1.8,16.65,90,16,12,6,2020,4,3,67,74,101,71,87.875
Ahmedabad,12-06-2020 17:00,66,106,50.8,8.4,1.08,16.6,90,17,12,6,2020,4,3,90,68,103,74.66666666666667,87.33333333333333
Ahmedabad,12-06-2020 18:00,22.03,70.97,1.54,2.8,3.62,32.34,90,18,12,6,2020,4,3,90,67,105,78.5,86.70833333333333
Ahmedabad,12-06-2020 19:00,34.16,106,6.44,14.3,0.11,57.92,90,19,12,6,2020,4,3,90,67,104,82.33333333333333,86.125
Ahmedabad,12-06-2020 20:00,53.04,106,48.4,14.05,1.74,21.45,90,20,12,6,2020,4,3,90,67,102,86.16666666666667,85.625
Ahmedabad,12-06-2020 21:00,37,72,63.35,1.07,1.82,19.7,91,21,12,6,2020,4,3,90,67,101,90.16666666666669,85.20833333333333
Ahmedabad,12-06-2020 22:00,33.5,67.25,53.42,11.36,0.73,16.07,91,22,12,6,2020,4,3,91,90,100,90.33333333333331,84.83333333333333
Ahmedabad,12-06-2020 23:00,23.25,51.75,44.62,6.03,0.72,20.53,91,23,12,6,2020,4,3,91,90,99,90.5,84.5
Ahmedabad,13-06-2020 00:00,23.75,49.25,47.05,6.78,0.72,19.7,91,0,13,6,2020,5,3,91,90,96,90.66666666666669,84.29166666666667
Ahmedabad,13-06-2020 01:00,24.75,55.75,36.27,7.3,0.43,23.85,91,1,13,6,2020,5,3,91,90,95,90.83333333333331,84.125
Ahmedabad,13-06-2020 02:00,36.5,73.5,42.02,4.03,0.32,21.9,91,2,13,6,2020,5,3,91,90,93,91,84.04166666666667
Ahmedabad,13-06-2020 03:00,46,84.25,47.08,4.78,0.39,11.65,91,3,13,6,2020,5,3,91,91,92,91,84
Ahmedabad,13-06-2020 04:00,53,84.75,29.88,0.6,0.48,13.15,91,4,13,6,2020,5,3,91,91,92,91,83.95833333333333
Ahmedabad,13-06-2020 05:00,43,75.25,33.5,8.55,0.58,20,79,5,13,6,2020,5,3,91,91,91,89,83.45833333333333
Ahmedabad,13-06-2020 06:00,31,76,29.52,12.35,0.95,21.22,79,6,13,6,2020,5,3,79,91,89,87,83.04166666666667
Ahmedabad,13-06-2020 07:00,13.25,60.25,41.52,23.18,0.52,16.48,78,7,13,6,2020,5,3,79,91,86,84.83333333333333,82.70833333333333
Ahmedabad,13-06-2020 08:00,18.5,61.25,35.88,24.25,0.6,19.55,77,8,13,6,2020,5,3,78,91,82,82.5,82.5
Ahmedabad,13-06-2020 09:00,5,53,37.8,20.2,0.62,18.95,73,9,13,6,2020,5,3,77,91,79,79.5,82.25
Ahmedabad,13-06-2020 10:00,5,53,41.25,10.85,0.47,19.4,71,10,13,6,2020,5,3,73,91,74,76.16666666666667,82.125
Ahmedabad,13-06-2020 11:00,19,74,45.1,1.4,1.12,32.6,71,11,13,6,2020,5,3,71,79,68,74.83333333333333,82.25
Ahmedabad,13-06-2020 12:00,20.5,80.5,38.65,7,0.87,46.25,71,12,13,6,2020,5,3,71,79,67,73.5,82.41666666666667
Ahmedabad,13-06-2020 13:00,21.25,102.75,35.42,14.65,0.72,49.85,73,13,13,6,2020,5,3,71,78,67,72.66666666666667,82.66666666666667
Ahmedabad,13-06-2020 14:00,13.5,124,39.03,15.1,0.79,45.4,76,14,13,6,2020,5,3,73,77,67,72.5,83.04166666666667
Ahmedabad,13-06-2020 15:00,24,163,39.3,16,0.95,39,81,15,13,6,2020,5,3,76,73,67,73.83333333333333,83.625
Ahmedabad,13-06-2020 16:00,11.25,95.25,24.78,10.02,0.63,43.85,82,16,13,6,2020,5,3,81,71,90,75.66666666666667,83.29166666666667
Ahmedabad,13-06-2020 17:00,5.25,48.5,22.65,5.8,0.62,38.77,79,17,13,6,2020,5,3,82,71,90,77,82.83333333333333
Ahmedabad,13-06-2020 18:00,5.25,52.25,33,5.38,0.78,32.02,78,18,13,6,2020,5,3,79,71,90,78.16666666666667,82.33333333333333
Ahmedabad,13-06-2020 19:00,18.75,91.75,54.7,19.53,1.03,20.57,77,19,13,6,2020,5,3,78,73,90,78.83333333333333,81.79166666666667
Ahmedabad,13-06-2020 20:00,35,175.75,52.75,12.05,1.01,25.65,80,20,13,6,2020,5,3,77,76,90,79.5,81.375
Ahmedabad,13-06-2020 21:00,25.25,133,48.05,6.15,0.83,26.68,83,21,13,6,2020,5,3,80,81,91,79.83333333333333,81.04166666666667
Ahmedabad,13-06-2020 22:00,32,133,28.45,15.94,0.4,24.75,85,22,13,6,2020,5,3,83,82,91,80.33333333333333,80.79166666666667
Ahmedabad,13-06-2020 23:00,15.25,82.5,33.92,2.6,0.3,22.6,87,23,13,6,2020,5,3,85,79,91,81.66666666666667,80.625
Ahmedabad,14-06-2020 00:00,15.75,70.75,48.98,2.77,0.49,19.77,88,0,14,6,2020,6,3,87,78,91,83.33333333333333,80.5
Ahmedabad,14-06-2020 01:00,12.75,70.5,54.62,6.97,0.4,16.73,88,1,14,6,2020,6,3,88,77,91,85.16666666666667,80.375
Ahmedabad,14-06-2020 02:00,9.25,63,50.95,12.82,0.47,17.52,88,2,14,6,2020,6,3,88,80,91,86.5,80.25
Ahmedabad,14-06-2020 03:00,19,90,33.7,5.37,0.42,22,88,3,14,6,2020,6,3,88,83,91,87.33333333333333,80.125
Ahmedabad,14-06-2020 04:00,19.25,57.5,21.45,12.95,0.47,33.8,87,4,14,6,2020,6,3,88,85,91,87.66666666666667,79.95833333333333
Ahmedabad,14-06-2020 05:00,19.5,65.75,26.75,11.43,0.39,23.25,87,5,14,6,2020,6,3,87,87,79,87.66666666666667,80.29166666666667
Ahmedabad,14-06-2020 06:00,14.25,89.5,53.15,17.52,0.42,10.22,87,6,14,6,2020,6,3,87,88,79,87.5,80.625
Ahmedabad,14-06-2020 07:00,33.5,108,56.98,23.32,0.68,10.2,89,7,14,6,2020,6,3,87,88,78,87.66666666666667,81.08333333333333
Ahmedabad,14-06-2020 08:00,31,110.75,55.53,32.58,0.7,18.9,91,8,14,6,2020,6,3,89,88,77,88.16666666666667,81.66666666666667
Ahmedabad,14-06-2020 09:00,11.5,82.5,32.6,10.83,0.62,32.4,92,9,14,6,2020,6,3,91,88,73,88.83333333333333,82.45833333333333
Ahmedabad,14-06-2020 10:00,12.25,70.75,32.97,5.45,0.69,35.9,93,10,14,6,2020,6,3,92,87,71,89.83333333333333,83.375
Ahmedabad,14-06-2020 11:00,20.5,73.75,32.3,4.35,0.79,40.05,93,11,14,6,2020,6,3,93,87,71,90.83333333333331,84.29166666666667
Ahmedabad,14-06-2020 12:00,25,79.75,28.25,29.79,0.61,50.88,93,12,14,6,2020,6,3,93,87,71,91.83333333333331,85.20833333333333
Ahmedabad,14-06-2020 13:00,23.5,91.25,19.12,7.43,0.44,48.03,93,13,14,6,2020,6,3,93,89,73,92.5,86.04166666666667
Ahmedabad,14-06-2020 14:00,29,89.5,15.4,5.35,0.35,40.05,91,14,14,6,2020,6,3,93,91,76,92.5,86.66666666666667
Ahmedabad,14-06-2020 15:00,33.5,87,16.7,6.15,0.47,34.33,88,15,14,6,2020,6,3,91,92,81,91.83333333333331,86.95833333333333
Ahmedabad,14-06-2020 16:00,16.75,61,19.07,10.75,0.58,49.42,87,16,14,6,2020,6,3,88,93,82,90.83333333333331,87.16666666666667
Ahmedabad,14-06-2020 17:00,15.25,57.75,22.7,6.67,0.61,46.42,87,17,14,6,2020,6,3,87,93,79,89.83333333333333,87.5
Ahmedabad,14-06-2020 18:00,13.5,50,25.9,1.6,0.67,41.55,87,18,14,6,2020,6,3,87,93,78,88.83333333333333,87.875
Ahmedabad,14-06-2020 19:00,16,68,46.22,8.47,0.98,23.85,86,19,14,6,2020,6,3,87,93,77,87.66666666666667,88.25
Ahmedabad,14-06-2020 20:00,22,105,50.75,4.8,1.31,26.45,83,20,14,6,2020,6,3,86,91,80,86.33333333333333,88.375
Ahmedabad,14-06-2020 21:00,31,106,37.45,2.75,0.32,26.43,82,21,14,6,2020,6,3,83,88,83,85.33333333333333,88.33333333333333
Ahmedabad,14-06-2020 22:00,33,116.5,25.48,8.9,0.58,24.32,81,22,14,6,2020,6,3,82,87,85,84.33333333333333,88.16666666666667
Ahmedabad,14-06-2020 23:00,35,133,22.33,6.97,0.44,14.17,83,23,14,6,2020,6,3,81,87,87,83.66666666666667,88
Ahmedabad,15-06-2020 00:00,24,96,25.65,3.27,1.09,24.2,84,0,15,6,2020,0,3,83,87,88,83.16666666666667,87.83333333333333
Ahmedabad,15-06-2020 01:00,23,81.25,50.35,11.8,0.6,14.53,85,1,15,6,2020,0,3,84,86,88,83,87.70833333333333
Ahmedabad,15-06-2020 02:00,18.75,77.5,42.02,15.67,0.51,21.47,85,2,15,6,2020,0,3,85,83,88,83.33333333333333,87.58333333333333
Ahmedabad,15-06-2020 03:00,6.5,61.75,26.6,9.57,0.34,29.55,84,3,15,6,2020,0,3,85,82,88,83.66666666666667,87.41666666666667
Ahmedabad,15-06-2020 04:00,12.5,64,39.33,0.9,0.21,26.32,84,4,15,6,2020,0,3,84,81,87,84.16666666666667,87.29166666666667
Ahmedabad,15-06-2020 05:00,26,91,41.75,5,0.33,14.83,85,5,15,6,2020,0,3,84,83,87,84.5,87.20833333333333
Ahmedabad,15-06-2020 06:00,41.25,109.75,29.1,3.47,1.13,17,86,6,15,6,2020,0,3,85,84,87,84.83333333333333,87.16666666666667
Ahmedabad,15-06-2020 07:00,51,167.5,47.77,7.47,1.62,12.12,89,7,15,6,2020,0,3,86,85,89,85.5,87.16666666666667
Ahmedabad,15-06-2020 08:00,35.75,196,48.77,16.05,0.75,18.07,92,8,15,6,2020,0,3,89,85,91,86.66666666666667,87.20833333333333
Ahmedabad,15-06-2020 09:00,12,83.5,40.83,12.97,0.84,24.07,92,9,15,6,2020,0,3,92,84,92,88,87.20833333333333
Ahmedabad,15-06-2020 10:00,7,61,40.15,14.1,1.15,28.6,92,10,15,6,2020,0,3,92,84,93,89.33333333333333,87.16666666666667
Ahmedabad,15-06-2020 11:00,33.25,101,39.1,11.5,0.77,33.45,93,11,15,6,2020,0,3,92,85,93,90.66666666666669,87.16666666666667
Ahmedabad,15-06-2020 12:00,33.25,70.25,40.65,1.2,0.77,45.2,93,12,15,6,2020,0,3,93,86,93,91.83333333333331,87.16666666666667
Ahmedabad,15-06-2020 13:00,21,93.5,31.02,3.6,0.57,49.95,93,13,15,6,2020,0,3,93,89,93,92.5,87.16666666666667
Ahmedabad,15-06-2020 14:00,18,89,27.9,0.3,0.41,49.85,93,14,15,6,2020,0,3,93,92,91,92.66666666666669,87.25
Ahmedabad,15-06-2020 15:00,22.75,103,24.2,3.2,0.44,44.65,93,15,15,6,2020,0,3,93,92,88,92.83333333333331,87.45833333333333
Ahmedabad,15-06-2020 16:00,16.5,81.75,24.35,6.95,0.67,40.7,94,16,15,6,2020,0,3,93,92,87,93.16666666666669,87.75
Ahmedabad,15-06-2020 17:00,9,72,25.9,5.25,0.65,41.7,95,17,15,6,2020,0,3,94,93,87,93.5,88.08333333333333
Ahmedabad,15-06-2020 18:00,20.75,66.5,31.27,4.68,0.73,38.27,96,18,15,6,2020,0,3,95,93,87,94,88.45833333333333
Ahmedabad,15-06-2020 19:00,23,89.75,48.1,6.72,0.9,26.98,97,19,15,6,2020,0,3,96,93,86,94.66666666666669,88.91666666666667
Ahmedabad,15-06-2020 20:00,23,146,54.15,6.12,0.63,24.27,98,20,15,6,2020,0,3,97,93,83,95.5,89.54166666666667
Ahmedabad,15-06-2020 21:00,21.75,71.5,52.45,3.85,0.47,21.08,97,21,15,6,2020,0,3,98,93,82,96.16666666666669,90.16666666666669
Ahmedabad,15-06-2020 22:00,42,148,45.83,4.55,0.65,18.65,98,22,15,6,2020,0,3,97,94,81,96.83333333333331,90.875
Ahmedabad,15-06-2020 23:00,49.75,191.25,33.03,9.52,0.9,21.65,100,23,15,6,2020,0,3,98,95,83,97.66666666666669,91.58333333333331
Ahmedabad,16-06-2020 00:00,28,81.5,41.23,17.18,0.45,26.32,100,0,16,6,2020,1,3,100,96,84,98.33333333333331,92.25
Ahmedabad,16-06-2020 01:00,10,62.5,38.2,18.6,0.35,20.93,99,1,16,6,2020,1,3,100,97,85,98.66666666666669,92.83333333333331
Ahmedabad,16-06-2020 02:00,10,58,20.12,10.77,0.32,29.55,98,2,16,6,2020,1,3,99,98,85,98.66666666666669,93.375
Ahmedabad,16-06-2020 03:00,4.75,10,42.97,3.87,0.33,17.6,96,3,16,6,2020,1,3,98,97,84,98.5,93.875
Ahmedabad,16-06-2020 04:00,3.25,13.75,49,18.49,0.23,19.75,94,4,16,6,2020,1,3,96,98,84,97.83333333333331,94.29166666666669
Ahmedabad,16-06-2020 05:00,11.5,39.5,39.65,12.03,0.32,12.62,92,5,16,6,2020,1,3,94,100,85,96.5,94.58333333333331
Ahmedabad,16-06-2020 06:00,15.5,51.25,32.25,8.68,0.33,13.85,90,6,16,6,2020,1,3,92,100,86,94.83333333333331,94.75
Ahmedabad,16-06-2020 07:00,13.5,33.75,38.65,7.15,0.48,11.8,84,7,16,6,2020,1,3,90,99,89,92.33333333333331,94.54166666666669
Ahmedabad,16-06-2020 08:00,13,42,42.53,16.77,0.99,16.33,78,8,16,6,2020,1,3,84,98,92,89,93.95833333333331
Ahmedabad,16-06-2020 09:00,13.25,57.25,43.75,13.6,1.29,17.15,76,9,16,6,2020,1,3,78,96,92,85.66666666666667,93.29166666666669
Ahmedabad,16-06-2020 10:00,11,48,44.27,12.15,1.04,16.77,76,10,16,6,2020,1,3,76,94,92,82.66666666666667,92.625
Ahmedabad,16-06-2020 11:00,14.5,62.5,40.55,10.35,0.95,19.15,74,11,16,6,2020,1,3,76,92,93,79.66666666666667,91.83333333333331
Ahmedabad,16-06-2020 12:00,18.75,74.5,47.5,19.7,0.64,22.25,74,12,16,6,2020,1,3,74,90,93,77,91.04166666666669
Ahmedabad,16-06-2020 13:00,20.75,63,39.47,6.53,0.66,24.5,73,13,16,6,2020,1,3,74,84,93,75.16666666666667,90.20833333333331
Ahmedabad,16-06-2020 14:00,23.75,90.5,40.2,9.75,0.72,16.82,73,14,16,6,2020,1,3,73,78,93,74.33333333333333,89.375
Ahmedabad,16-06-2020 15:00,37.25,121.5,42.55,12.05,0.59,24.7,74,15,16,6,2020,1,3,73,76,93,74,88.58333333333333
Ahmedabad,16-06-2020 16:00,40.5,115,50.77,16.7,0.93,20.7,75,16,16,6,2020,1,3,74,76,94,73.83333333333333,87.79166666666667
Ahmedabad,16-06-2020 17:00,33,169.5,59.25,11.75,0.98,25.8,79,17,16,6,2020,1,3,75,74,95,74.66666666666667,87.125
Ahmedabad,16-06-2020 18:00,31.5,156,34.3,1.6,0.66,31.9,83,18,16,6,2020,1,3,79,74,96,76.16666666666667,86.58333333333333
Ahmedabad,16-06-2020 19:00,17.25,66.75,31.48,10.09,0.61,26.2,82,19,16,6,2020,1,3,83,73,97,77.66666666666667,85.95833333333333
Ahmedabad,16-06-2020 20:00,18,64.25,27.48,15.65,0.52,33.22,79,20,16,6,2020,1,3,82,73,98,78.66666666666667,85.16666666666667
Ahmedabad,16-06-2020 21:00,29,92.25,39.5,4.7,0.57,29.7,80,21,16,6,2020,1,3,79,74,97,79.66666666666667,84.45833333333333
Ahmedabad,16-06-2020 22:00,38.5,154.5,47.45,6.75,0.63,20.35,80,22,16,6,2020,1,3,80,75,98,80.5,83.70833333333333
Ahmedabad,16-06-2020 23:00,49,204.5,34.88,4.65,0.47,22.52,81,23,16,6,2020,1,3,80,79,100,80.83333333333333,82.91666666666667
Ahmedabad,17-06-2020 00:00,49,206,40.75,6.05,0.59,12.35,86,0,17,6,2020,2,3,81,83,100,81.33333333333333,82.33333333333333
Ahmedabad,17-06-2020 01:00,22.5,130,33.27,9.4,0.45,32.98,89,1,17,6,2020,2,3,86,82,99,82.5,81.91666666666667
Ahmedabad,17-06-2020 02:00,15,88,39.73,11,0.47,24.95,90,2,17,6,2020,2,3,89,79,98,84.33333333333333,81.58333333333333
Ahmedabad,17-06-2020 03:00,7.25,48.75,54.7,14.83,0.46,14.3,91,3,17,6,2020,2,3,90,80,96,86.16666666666667,81.375
Ahmedabad,17-06-2020 04:00,11,39,23.6,5.65,0.32,33.23,92,4,17,6,2020,2,3,91,80,94,88.16666666666667,81.29166666666667
Ahmedabad,17-06-2020 05:00,12.58,36.62,30.42,11.22,0.28,18.35,95,5,17,6,2020,2,3,92,81,92,90.5,81.41666666666667
Ahmedabad,17-06-2020 06:00,8,37,41.97,12.05,0.39,10.68,94,6,17,6,2020,2,3,95,86,90,91.83333333333331,81.58333333333333
Ahmedabad,17-06-2020 07:00,13.5,55.75,43.53,13.3,1.03,10.68,95,7,17,6,2020,2,3,94,89,84,92.83333333333331,82.04166666666667
Ahmedabad,17-06-2020 08:00,24,90.75,25.45,15.85,0.57,20.25,97,8,17,6,2020,2,3,95,90,78,94,82.83333333333333
Ahmedabad,17-06-2020 09:00,7,38.75,32.88,12.48,0.75,19.82,96,9,17,6,2020,2,3,97,91,76,94.83333333333331,83.66666666666667
Ahmedabad,17-06-2020 10:00,11.25,66.25,45.45,17.25,0.71,17.52,97,10,17,6,2020,2,3,96,92,76,95.66666666666669,84.54166666666667
Ahmedabad,17-06-2020 11:00,13.25,42,52.35,19.9,0.93,17.3,96,11,17,6,2020,2,3,97,95,74,95.83333333333331,85.45833333333333
Ahmedabad,17-06-2020 12:00,11.25,46.25,48.05,18.7,0.86,20.85,95,12,17,6,2020,2,3,96,94,74,96,86.33333333333333
Ahmedabad,17-06-2020 13:00,20,71.25,54.58,13.55,0.6,33.33,95,13,17,6,2020,2,3,95,95,73,96,87.25
Ahmedabad,17-06-2020 14:00,18.75,86.75,36.55,18.63,0.36,31.7,95,14,17,6,2020,2,3,95,97,73,95.66666666666669,88.16666666666667
Ahmedabad,17-06-2020 15:00,22,98.5,31.48,7.43,0.31,30.38,94,15,17,6,2020,2,3,95,96,74,95.33333333333331,89
Ahmedabad,17-06-2020 16:00,13.5,76.25,28.62,6.18,0.42,34.52,93,16,17,6,2020,2,3,94,97,75,94.66666666666669,89.75
Ahmedabad,17-06-2020 17:00,15,62,30.73,6,0.56,46.6,88,17,17,6,2020,2,3,93,96,79,93.33333333333331,90.125
Ahmedabad,17-06-2020 18:00,21.25,64,33.32,6.42,0.61,44.67,84,18,17,6,2020,2,3,88,95,83,91.5,90.16666666666669
Ahmedabad,17-06-2020 19:00,12.75,60,29.27,4.43,0.54,31.33,84,19,17,6,2020,2,3,84,95,82,89.66666666666667,90.25
Ahmedabad,17-06-2020 20:00,12,56.5,30.68,6.33,0.52,30.68,83,20,17,6,2020,2,3,84,95,79,87.66666666666667,90.41666666666669
Ahmedabad,17-06-2020 21:00,12,57.25,26.65,1.3,0.3,35.53,82,21,17,6,2020,2,3,83,94,80,85.66666666666667,90.5
Ahmedabad,17-06-2020 22:00,17.5,69.25,22.67,5.85,0.35,31.65,78,22,17,6,2020,2,3,82,93,80,83.16666666666667,90.41666666666669
Ahmedabad,17-06-2020 23:00,34.5,93.75,34.7,11.1,0.57,22.5,73,23,17,6,2020,2,3,78,88,81,80.66666666666667,90.08333333333331
Ahmedabad,18-06-2020 00:00,36,120,29.2,1.9,0.56,25.82,69,0,18,6,2020,3,3,73,84,86,78.16666666666667,89.375
Ahmedabad,18-06-2020 01:00,1,72,27.48,6.28,0.44,30.8,67,1,18,6,2020,3,3,69,84,89,75.33333333333333,88.45833333333333
Ahmedabad,18-06-2020 02:00,7,73.75,31.95,9.62,0.98,26.2,66,2,18,6,2020,3,3,67,83,90,72.5,87.45833333333333
Ahmedabad,18-06-2020 03:00,12.25,70.75,33.83,13.4,0.57,29.7,67,3,18,6,2020,3,3,66,82,91,70,86.45833333333333
Ahmedabad,18-06-2020 04:00,17,57.5,38.22,10.07,0.36,28.98,68,4,18,6,2020,3,3,67,78,92,68.33333333333333,85.45833333333333
Ahmedabad,18-06-2020 05:00,9.25,32.75,27.73,7.38,0.23,26.52,67,5,18,6,2020,3,3,68,73,95,67.33333333333333,84.29166666666667
Ahmedabad,18-06-2020 06:00,4.5,20,31.95,8.43,0.29,18.05,66,6,18,6,2020,3,3,67,69,94,66.83333333333333,83.125
Ahmedabad,18-06-2020 07:00,9.75,36.25,44.3,10.68,0.47,11.15,65,7,18,6,2020,3,3,66,67,95,66.5,81.875
Ahmedabad,18-06-2020 08:00,21,58,42.72,15.62,0.62,13.68,64,8,18,6,2020,3,3,65,66,97,66.16666666666667,80.5
Ahmedabad,18-06-2020 09:00,23.5,66,44.25,16.52,0.68,17.02,65,9,18,6,2020,3,3,64,67,96,65.83333333333333,79.20833333333333
Ahmedabad,18-06-2020 10:00,13.25,65.75,50.55,20.35,0.74,18.98,65,10,18,6,2020,3,3,65,68,97,65.33333333333333,77.875
Ahmedabad,18-06-2020 11:00,13.75,68.5,50.85,21.8,1.09,22.1,66,11,18,6,2020,3,3,65,67,96,65.16666666666667,76.625
Ahmedabad,18-06-2020 12:00,15.5,77.25,49.2,16.9,0.91,30.9,67,12,18,6,2020,3,3,66,66,95,65.33333333333333,75.45833333333333
Ahmedabad,18-06-2020 13:00,22.5,71.75,70.75,7.48,0.5,38.1,67,13,18,6,2020,3,3,67,65,95,65.66666666666667,74.29166666666667
Ahmedabad,18-06-2020 14:00,20,70.5,35.08,1.8,0.34,36.75,67,14,18,6,2020,3,3,67,64,95,66.16666666666667,73.125
Ahmedabad,18-06-2020 15:00,22.25,78.5,39.88,8.2,0.49,31.45,66,15,18,6,2020,3,3,67,65,94,66.33333333333333,71.95833333333333
Ahmedabad,18-06-2020 16:00,40,131.75,52.3,21.23,1.02,31.88,68,16,18,6,2020,3,3,66,65,93,66.83333333333333,70.91666666666667
Ahmedabad,18-06-2020 17:00,42.75,197.25,57.52,19.8,1.37,28.48,74,17,18,6,2020,3,3,68,66,88,68.16666666666667,70.33333333333333
Ahmedabad,18-06-2020 18:00,32.75,172.75,61.67,3.03,1.32,32.05,78,18,18,6,2020,3,3,74,67,84,70,70.08333333333333
Ahmedabad,18-06-2020 19:00,29.5,155.75,57.03,0.5,0.9,34.72,82,19,18,6,2020,3,3,78,67,84,72.5,70
Ahmedabad,18-06-2020 20:00,25.25,102.75,52.08,12.5,0.98,28,84,20,18,6,2020,3,3,82,67,83,75.33333333333333,70.04166666666667
Ahmedabad,18-06-2020 21:00,31.25,129.75,44.12,16.8,0.6,38.22,87,21,18,6,2020,3,3,84,66,82,78.83333333333333,70.25
Ahmedabad,18-06-2020 22:00,26,94,32.3,5.2,0.37,33.8,88,22,18,6,2020,3,3,87,68,78,82.16666666666667,70.66666666666667
Ahmedabad,18-06-2020 23:00,31.75,108,26.2,11.53,0.41,30.35,89,23,18,6,2020,3,3,88,74,73,84.66666666666667,71.33333333333333
Ahmedabad,19-06-2020 00:00,18,106,24.98,6.05,0.51,32.65,88,0,19,6,2020,4,3,89,78,69,86.33333333333333,72.125
Ahmedabad,19-06-2020 01:00,6,82.5,30.75,9.77,0.47,33.95,89,1,19,6,2020,4,3,88,82,67,87.5,73.04166666666667
Ahmedabad,19-06-2020 02:00,13.5,83.5,38.45,16.75,0.53,24.43,89,2,19,6,2020,4,3,89,84,66,88.33333333333333,74
Ahmedabad,19-06-2020 03:00,20.75,80.75,41.4,15.05,0.58,23.5,89,3,19,6,2020,4,3,89,87,67,88.66666666666667,74.91666666666667
Ahmedabad,19-06-2020 04:00,2,50,40.38,13.32,0.5,28.6,89,4,19,6,2020,4,3,89,88,68,88.83333333333333,75.79166666666667
Ahmedabad,19-06-2020 05:00,8.5,39.75,47.52,10.55,0.32,14.9,89,5,19,6,2020,4,3,89,89,67,88.83333333333333,76.70833333333333
Ahmedabad,19-06-2020 06:00,19.25,51,47.77,10.18,0.39,10.05,91,6,19,6,2020,4,3,89,88,66,89.33333333333333,77.75
Ahmedabad,19-06-2020 07:00,27.5,87,43.58,9.75,0.51,14.68,93,7,19,6,2020,4,3,91,89,65,90,78.91666666666667
Ahmedabad,19-06-2020 08:00,20,82,39.15,7.62,0.6,15.93,94,8,19,6,2020,4,3,93,89,64,90.83333333333331,80.16666666666667
Ahmedabad,19-06-2020 09:00,11.5,69.75,41.4,19.8,0.67,21.32,94,9,19,6,2020,4,3,94,89,65,91.66666666666669,81.375
Ahmedabad,19-06-2020 10:00,15.03,22.07,0.92,20.57,1.71,59.05,95,10,19,6,2020,4,3,94,89,65,92.66666666666669,82.625
Ahmedabad,19-06-2020 11:00,25.87,294.48,18.69,9.68,0.82,80.42,96,11,19,6,2020,4,3,95,89,66,93.83333333333331,83.875
Ahmedabad,19-06-2020 12:00,9.72,27.5,3.29,14.6,5.7,41.3,146,12,19,6,2020,4,3,96,91,67,103,87.16666666666667
Ahmedabad,19-06-2020 13:00,17.14,32.49,24.1,33.12,6.03,39.33,150,13,19,6,2020,4,3,146,93,67,112.5,90.625
Ahmedabad,19-06-2020 14:00,4,82,38.25,22.4,0.32,35.9,150,14,19,6,2020,4,3,150,94,67,121.83333333333331,94.08333333333331
Ahmedabad,19-06-2020 15:00,7.25,51.75,33.05,19.25,0.49,40.2,150,15,19,6,2020,4,3,150,94,66,131.16666666666666,97.58333333333331
Ahmedabad,19-06-2020 16:00,9.75,43.75,34.08,14.97,0.16,51.65,150,16,19,6,2020,4,3,150,95,68,140.33333333333334,101
Ahmedabad,19-06-2020 17:00,13.5,43.5,39.25,7,0.5,41.9,150,17,19,6,2020,4,3,150,96,74,149.33333333333334,104.16666666666669
Ahmedabad,19-06-2020 18:00,12.5,43,41.08,10.85,0.59,39.73,150,18,19,6,2020,4,3,150,146,78,150,107.16666666666669
Ahmedabad,19-06-2020 19:00,15.75,60,47.05,5.53,0.82,20.07,150,19,19,6,2020,4,3,150,150,82,150,110
Ahmedabad,19-06-2020 20:00,23.5,71,49.92,15.27,0.92,16.27,150,20,19,6,2020,4,3,150,150,84,150,112.75
Ahmedabad,19-06-2020 21:00,26,76,50.5,8.85,0.94,16.98,70,21,19,6,2020,4,3,150,150,87,136.66666666666666,112.04166666666669
Ahmedabad,19-06-2020 22:00,7,66,50.6,7.72,1.02,16.9,69,22,19,6,2020,4,3,70,150,88,123.16666666666669,111.25
Ahmedabad,19-06-2020 23:00,22,67,38.1,5.48,0.95,21.2,67,23,19,6,2020,4,3,69,150,89,109.33333333333331,110.33333333333331
Ahmedabad,20-06-2020 00:00,7,58.5,37.08,4.9,0.55,29,64,0,20,6,2020,5,3,67,150,88,95,109.33333333333331
Ahmedabad,20-06-2020 01:00,13,60,44.3,8.95,0.47,15.97,63,1,20,6,2020,5,3,64,150,89,80.5,108.25
Ahmedabad,20-06-2020 02:00,27,70,40.5,9.35,0.47,19.6,63,2,20,6,2020,5,3,63,150,89,66,107.16666666666669
Ahmedabad,20-06-2020 03:00,33.5,87.5,32.77,8.6,0.58,17.05,63,3,20,6,2020,5,3,63,70,89,64.83333333333333,106.08333333333331
Ahmedabad,20-06-2020 04:00,29.75,82,36.43,14,0.7,15.25,65,4,20,6,2020,5,3,63,69,89,64.16666666666667,105.08333333333331
Ahmedabad,20-06-2020 05:00,13.75,61.75,39.97,13.35,0.54,18.7,66,5,20,6,2020,5,3,65,67,89,64,104.125
Ahmedabad,20-06-2020 06:00,17,66.75,47.75,13.22,0.72,17.27,66,6,20,6,2020,5,3,66,64,91,64.33333333333333,103.08333333333331
Ahmedabad,20-06-2020 07:00,35.25,89,46.35,17.88,0.64,16.7,67,7,20,6,2020,5,3,66,63,93,65,102
Ahmedabad,20-06-2020 08:00,54,131,49.45,16.08,0.71,22.55,69,8,20,6,2020,5,3,67,63,94,66,100.95833333333331
Ahmedabad,20-06-2020 09:00,44,106,43.2,12.2,0.55,27.4,71,9,20,6,2020,5,3,69,63,94,67.33333333333333,100
Ahmedabad,20-06-2020 10:00,24,20.75,42.88,0.8,0.72,48.4,71,10,20,6,2020,5,3,71,65,95,68.33333333333333,99
Ahmedabad,20-06-2020 11:00,24,53.49,37.83,10.07,0.49,43.38,71,11,20,6,2020,5,3,71,66,96,69.16666666666667,97.95833333333331
Ahmedabad,20-06-2020 12:00,22.4,55.02,40.3,21.95,0.87,33.38,71,12,20,6,2020,5,3,71,66,146,70,94.83333333333331
Ahmedabad,20-06-2020 13:00,24,50.36,21.4,12.4,1.12,72,72,13,20,6,2020,5,3,71,67,150,70.83333333333333,91.58333333333331
Ahmedabad,20-06-2020 14:00,26,63,33.23,8.45,1.52,61.53,76,14,20,6,2020,5,3,72,69,150,72,88.5
Ahmedabad,20-06-2020 15:00,27.25,70.25,57.8,13.3,0.99,58.2,76,15,20,6,2020,5,3,76,71,150,72.83333333333333,85.41666666666667
Ahmedabad,20-06-2020 16:00,31,92,30.62,13.82,0.82,80.2,80,16,20,6,2020,5,3,76,71,150,74.33333333333333,82.5
Ahmedabad,20-06-2020 17:00,27,94,31.85,5.3,1.01,64.88,80,17,20,6,2020,5,3,80,71,150,75.83333333333333,79.58333333333333
Ahmedabad,20-06-2020 18:00,35.5,142.5,48.1,4.17,1.33,47.08,81,18,20,6,2020,5,3,80,71,150,77.5,76.70833333333333
Ahmedabad,20-06-2020 19:00,43,171,36.02,5.55,0.69,60.1,86,19,20,6,2020,5,3,81,72,150,79.83333333333333,74.04166666666667
Ahmedabad,20-06-2020 20:00,31,76,29.98,15.78,0.51,66.97,87,20,20,6,2020,5,3,86,76,150,81.66666666666667,71.41666666666667
Ahmedabad,20-06-2020 21:00,21,83,27.25,7.9,0.49,51.45,87,21,20,6,2020,5,3,87,76,70,83.5,72.125
Ahmedabad,20-06-2020 22:00,19.5,67.5,22.98,11.75,0.65,53.9,87,22,20,6,2020,5,3,87,80,69,84.66666666666667,72.875
Ahmedabad,20-06-2020 23:00,6,54,18.62,14.1,0.67,66.4,86,23,20,6,2020,5,3,87,80,67,85.66666666666667,73.66666666666667
Ahmedabad,21-06-2020 00:00,5,50,16.95,15.4,0.76,71.65,86,0,21,6,2020,6,3,86,81,64,86.5,74.58333333333333
Ahmedabad,21-06-2020 01:00,5,35.25,16.75,9.52,0.37,70.83,85,1,21,6,2020,6,3,86,86,63,86.33333333333333,75.5
Ahmedabad,21-06-2020 02:00,7.5,36.5,16.02,2.8,0.23,74.62,83,2,21,6,2020,6,3,85,87,63,85.66666666666667,76.33333333333333
Ahmedabad,21-06-2020 03:00,12.5,50.25,19.38,5.74,0.17,71.05,81,3,21,6,2020,6,3,83,87,63,84.66666666666667,77.08333333333333
Ahmedabad,21-06-2020 04:00,24,90,31.32,15.74,0.44,22.4,81,4,21,6,2020,6,3,81,87,65,83.66666666666667,77.75
Ahmedabad,21-06-2020 05:00,39,128.5,56.9,5.5,0.67,16.82,85,5,21,6,2020,6,3,81,86,66,83.5,78.54166666666667
Ahmedabad,21-06-2020 06:00,43.5,171,57.92,9.82,0.87,17.52,90,6,21,6,2020,6,3,85,86,66,84.16666666666667,79.54166666666667
Ahmedabad,21-06-2020 07:00,30.5,188.5,61.77,14.15,0.92,16.08,95,7,21,6,2020,6,3,90,85,67,85.83333333333333,80.70833333333333
Ahmedabad,21-06-2020 08:00,32.5,156.75,39.8,15.5,0.86,29.6,96,8,21,6,2020,6,3,95,83,69,88,81.83333333333333
Ahmedabad,21-06-2020 09:00,35.25,122,47.17,11.05,1.1,28.72,97,9,21,6,2020,6,3,96,81,71,90.66666666666669,82.91666666666667
Ahmedabad,21-06-2020 10:00,39,120.75,48.83,5.35,0.96,35.83,98,10,21,6,2020,6,3,97,81,71,93.5,84.04166666666667
Ahmedabad,21-06-2020 11:00,42.5,109,56.88,15.5,0.88,36.23,99,11,21,6,2020,6,3,98,85,71,95.83333333333331,85.20833333333333
Ahmedabad,21-06-2020 12:00,47.75,132.75,54.7,11.3,0.8,45.4,100,12,21,6,2020,6,3,99,90,71,97.5,86.41666666666667
Ahmedabad,21-06-2020 13:00,33.5,105.5,34.67,6.57,0.76,44.45,100,13,21,6,2020,6,3,100,95,72,98.33333333333331,87.58333333333333
Ahmedabad,21-06-2020 14:00,23,67.5,33.15,9.25,0.68,44.33,100,14,21,6,2020,6,3,100,96,76,99,88.58333333333333
Ahmedabad,21-06-2020 15:00,8.75,48.5,25.48,12.85,0.69,54.55,100,15,21,6,2020,6,3,100,97,76,99.5,89.58333333333333
Ahmedabad,21-06-2020 16:00,15.5,38.25,30.1,16.83,0.79,53.67,97,16,21,6,2020,6,3,100,98,80,99.33333333333331,90.29166666666669
Ahmedabad,21-06-2020 17:00,24.25,61,34.7,8.3,0.58,41.48,96,17,21,6,2020,6,3,97,99,80,98.83333333333331,90.95833333333331
Ahmedabad,21-06-2020 18:00,10.75,51.25,43.4,2.4,0.48,38.48,92,18,21,6,2020,6,3,96,100,81,97.5,91.41666666666669
Ahmedabad,21-06-2020 19:00,13.75,62.25,47.42,8.48,0.69,36.55,88,19,21,6,2020,6,3,92,100,86,95.5,91.5
Ahmedabad,21-06-2020 20:00,19.25,56.75,54.65,8.38,0.84,16.55,87,20,21,6,2020,6,3,88,100,87,93.33333333333331,91.5
Ahmedabad,21-06-2020 21:00,35.5,97.5,50.58,5.03,0.89,9.12,88,21,21,6,2020,6,3,87,100,87,91.33333333333331,91.54166666666669
Ahmedabad,21-06-2020 22:00,40,111.75,43.55,11.22,0.87,25.1,89,22,21,6,2020,6,3,88,97,87,90,91.625
Ahmedabad,21-06-2020 23:00,34.75,110.5,43.3,20.2,0.72,17.45,92,23,21,6,2020,6,3,89,96,86,89.33333333333333,91.875
Ahmedabad,22-06-2020 00:00,37,109,47.15,26.07,0.69,15.18,94,0,22,6,2020,0,3,92,92,86,89.66666666666667,92.20833333333331
Ahmedabad,22-06-2020 01:00,28,89.75,36.6,13.43,0.53,18.98,96,1,22,6,2020,0,3,94,88,85,91,92.66666666666669
Ahmedabad,22-06-2020 02:00,31.25,84,38.53,5.22,0.38,21.6,98,2,22,6,2020,0,3,96,87,83,92.83333333333331,93.29166666666669
Ahmedabad,22-06-2020 03:00,35.25,92,35.5,23.04,0.33,20.4,100,3,22,6,2020,0,3,98,88,81,94.83333333333331,94.08333333333331
Ahmedabad,22-06-2020 04:00,41,105.5,39.42,11.96,0.31,6.95,101,4,22,6,2020,0,3,100,89,81,96.83333333333331,94.91666666666669
Ahmedabad,22-06-2020 05:00,36.5,102.75,42.25,7.68,0.34,11.43,100,5,22,6,2020,0,3,101,92,85,98.16666666666669,95.54166666666669
Ahmedabad,22-06-2020 06:00,28.5,98,38.08,14,0.56,17.43,97,6,22,6,2020,0,3,100,94,90,98.66666666666669,95.83333333333331
Ahmedabad,22-06-2020 07:00,22.25,96.75,37.42,18.7,0.61,21.9,93,7,22,6,2020,0,3,97,96,95,98.16666666666669,95.75
Ahmedabad,22-06-2020 08:00,26,96.25,44.05,20.4,0.77,25.6,90,8,22,6,2020,0,3,93,98,96,96.83333333333331,95.5
Ahmedabad,22-06-2020 09:00,29.75,94,45.38,10.47,0.8,39.23,89,9,22,6,2020,0,3,90,100,97,95,95.16666666666669
Ahmedabad,22-06-2020 10:00,14,85,38.47,2.4,0.71,47.38,88,10,22,6,2020,0,3,89,101,98,92.83333333333331,94.75
Ahmedabad,22-06-2020 11:00,9,53.5,37,8.38,0.49,50.65,85,11,22,6,2020,0,3,88,100,99,90.33333333333331,94.16666666666669
Ahmedabad,22-06-2020 12:00,8.25,50,32.8,12.83,0.51,53.78,82,12,22,6,2020,0,3,85,97,100,87.83333333333333,93.41666666666669
Ahmedabad,22-06-2020 13:00,19,77.75,30,9.32,0.62,67.22,81,13,22,6,2020,0,3,82,93,100,85.83333333333333,92.625
Ahmedabad,22-06-2020 14:00,31,132,31.82,16.75,0.76,66.7,84,14,22,6,2020,0,3,81,90,100,84.83333333333333,91.95833333333331
Ahmedabad,22-06-2020 15:00,46,143,36.35,24.07,1.15,62.08,87,15,22,6,2020,0,3,84,89,100,84.5,91.41666666666669
Ahmedabad,22-06-2020 16:00,83.75,181.75,36.45,25.62,0.93,68.6,93,16,22,6,2020,0,3,87,88,97,85.33333333333333,91.25
Ahmedabad,22-06-2020 17:00,54,152.25,40.45,11.3,1.19,53.52,97,17,22,6,2020,0,3,93,85,96,87.33333333333333,91.29166666666669
Ahmedabad,22-06-2020 18:00,35,170.5,43,8.25,0.9,49.38,101,18,22,6,2020,0,3,97,82,92,90.5,91.66666666666669
Ahmedabad,22-06-2020 19:00,45.75,150,53.77,7.1,0.86,34.28,104,19,22,6,2020,0,3,101,81,88,94.33333333333331,92.33333333333331
Ahmedabad,22-06-2020 20:00,31.75,107.25,51.98,1.65,0.87,31.57,105,20,22,6,2020,0,3,104,84,87,97.83333333333331,93.08333333333331
Ahmedabad,22-06-2020 21:00,28,69,66.6,7.25,1.5,24.15,105,21,22,6,2020,0,3,105,87,88,100.83333333333331,93.79166666666669
Ahmedabad,22-06-2020 22:00,39,149.25,58.45,10,0.97,13.28,106,22,22,6,2020,0,3,105,93,89,103,94.5
Ahmedabad,22-06-2020 23:00,36,108,57.23,21.33,0.74,15.12,105,23,22,6,2020,0,3,106,97,92,104.33333333333331,95.04166666666669
Ahmedabad,23-06-2020 00:00,35,92,45.9,17.23,0.65,21.7,105,0,23,6,2020,1,3,105,101,94,105,95.5
Ahmedabad,23-06-2020 01:00,24,74,48.02,10.7,0.54,16,105,1,23,6,2020,1,3,105,104,96,105.16666666666669,95.875
Ahmedabad,23-06-2020 02:00,27,96.75,48.95,3.75,0.41,19.3,105,2,23,6,2020,1,3,105,105,98,105.16666666666669,96.16666666666669
Ahmedabad,23-06-2020 03:00,27.25,80.5,36.35,0.33,0.28,36.2,105,3,23,6,2020,1,3,105,105,100,105.16666666666669,96.375
Ahmedabad,23-06-2020 04:00,30.5,84.75,50.23,12.35,0.28,11.43,104,4,23,6,2020,1,3,105,106,101,104.83333333333331,96.5
Ahmedabad,23-06-2020 05:00,37,98.25,39.62,8.5,0.31,19.25,104,5,23,6,2020,1,3,104,105,100,104.66666666666669,96.66666666666669
Ahmedabad,23-06-2020 06:00,32.5,86.5,34.75,9.43,0.45,19.52,104,6,23,6,2020,1,3,104,105,97,104.5,96.95833333333331
Ahmedabad,23-06-2020 07:00,30.25,98.75,52.85,22.1,0.71,19.27,104,7,23,6,2020,1,3,104,105,93,104.33333333333331,97.41666666666669
Ahmedabad,23-06-2020 08:00,32.5,131.25,53.77,31.7,0.73,25.25,105,8,23,6,2020,1,3,104,105,90,104.33333333333331,98.04166666666669
Ahmedabad,23-06-2020 09:00,19,105,48.67,10.45,0.85,35.02,105,9,23,6,2020,1,3,105,105,89,104.33333333333331,98.70833333333331
Ahmedabad,23-06-2020 10:00,18.25,78.75,37.68,2.4,0.64,45,105,10,23,6,2020,1,3,105,104,88,104.5,99.41666666666669
Ahmedabad,23-06-2020 11:00,26.75,83.75,34.83,5.2,0.44,61.35,106,11,23,6,2020,1,3,105,104,85,104.83333333333331,100.29166666666669
Ahmedabad,23-06-2020 12:00,21.75,89.5,22.7,1.6,0.36,78.35,107,12,23,6,2020,1,3,106,104,82,105.33333333333331,101.33333333333331
Ahmedabad,23-06-2020 13:00,25.25,91.5,21.77,4.45,0.65,71.8,107,13,23,6,2020,1,3,107,104,81,105.83333333333331,102.41666666666669
Ahmedabad,23-06-2020 14:00,43.5,110,19.88,7.65,0.66,83.38,106,14,23,6,2020,1,3,107,105,84,106,103.33333333333331
Ahmedabad,23-06-2020 15:00,30.75,74.75,21.17,12.32,0.69,84.75,105,15,23,6,2020,1,3,106,105,87,106,104.08333333333331
Ahmedabad,23-06-2020 16:00,17.5,54,19.15,14.05,0.78,68.9,101,16,23,6,2020,1,3,105,105,93,105.33333333333331,104.41666666666669
Ahmedabad,23-06-2020 17:00,15,48.5,21.07,9.6,0.67,57.5,97,17,23,6,2020,1,3,101,106,97,103.83333333333331,104.41666666666669
Ahmedabad,23-06-2020 18:00,25.25,50,21.18,3.65,0.49,52,92,18,23,6,2020,1,3,97,107,101,101.33333333333331,104.04166666666669
Ahmedabad,23-06-2020 19:00,20,59,18.15,0.84,0.23,57.95,88,19,23,6,2020,1,3,92,107,104,98.16666666666669,103.375
Ahmedabad,23-06-2020 20:00,7,58,25.27,4.35,0.31,49.62,86,20,23,6,2020,1,3,88,106,105,94.83333333333331,102.58333333333331
Ahmedabad,23-06-2020 21:00,14.5,72.75,26.88,8.35,0.34,44.35,86,21,23,6,2020,1,3,86,105,105,91.66666666666669,101.79166666666669
Ahmedabad,23-06-2020 22:00,28,90,30.08,10.5,0.66,28.85,85,22,23,6,2020,1,3,86,101,106,89,100.91666666666669
Ahmedabad,23-06-2020 23:00,21,92.75,39.2,20.52,0.87,31.7,83,23,23,6,2020,1,3,85,97,105,86.66666666666667,100
Ahmedabad,24-06-2020 00:00,22.75,119.5,41.55,29.2,0.91,27.08,85,0,24,6,2020,2,3,83,92,105,85.5,99.16666666666669
Ahmedabad,24-06-2020 01:00,25,120.25,29,19.5,0.53,39.23,86,1,24,6,2020,2,3,85,88,105,85.16666666666667,98.375
Ahmedabad,24-06-2020 02:00,19.75,81.75,38.27,1.9,0.69,24.88,86,2,24,6,2020,2,3,86,86,105,85.16666666666667,97.58333333333331
Ahmedabad,24-06-2020 03:00,31.25,130,28.98,20.63,0.6,39.3,88,3,24,6,2020,2,3,86,86,105,85.5,96.875
Ahmedabad,24-06-2020 04:00,28.75,108.75,18.1,5.2,0.16,32.88,89,4,24,6,2020,2,3,88,85,104,86.16666666666667,96.25
Ahmedabad,24-06-2020 05:00,20.25,95.75,21.12,8.6,0.11,21.8,89,5,24,6,2020,2,3,89,83,104,87.16666666666667,95.625
Ahmedabad,24-06-2020 06:00,24,113,19.18,8.88,0.16,28.8,90,6,24,6,2020,2,3,89,85,104,88,95.04166666666669
Ahmedabad,24-06-2020 07:00,16,58.5,22.07,15.38,0.53,39.83,88,7,24,6,2020,2,3,90,86,104,88.33333333333333,94.375
Ahmedabad,24-06-2020 08:00,10,47,22.8,17.62,0.67,39.95,85,8,24,6,2020,2,3,88,86,105,88.16666666666667,93.54166666666669
Ahmedabad,24-06-2020 09:00,11.25,51.25,21.22,10.77,0.49,40.55,82,9,24,6,2020,2,3,85,88,105,87.16666666666667,92.58333333333331
Ahmedabad,24-06-2020 10:00,12.75,49,19.6,5.22,0.61,42.33,81,10,24,6,2020,2,3,82,89,105,85.83333333333333,91.58333333333331
Ahmedabad,24-06-2020 11:00,9.75,57.5,20.05,1,0.41,54.5,80,11,24,6,2020,2,3,81,89,106,84.33333333333333,90.5
Ahmedabad,24-06-2020 12:00,22,58.25,16.75,6.3,0.42,48.7,79,12,24,6,2020,2,3,80,90,107,82.5,89.33333333333333
Ahmedabad,24-06-2020 13:00,24.25,66.75,15.3,5.8,0.49,39.15,78,13,24,6,2020,2,3,79,88,107,80.83333333333333,88.125
Ahmedabad,24-06-2020 14:00,21.25,69.25,16.4,8.47,0.53,37.5,76,14,24,6,2020,2,3,78,85,106,79.33333333333333,86.875
Ahmedabad,24-06-2020 15:00,32.5,76.5,21.68,14.4,0.9,35.23,76,15,24,6,2020,2,3,76,82,105,78.33333333333333,85.66666666666667
Ahmedabad,24-06-2020 16:00,126.5,185.5,33.22,17.98,1.52,28.48,82,16,24,6,2020,2,3,76,81,101,78.5,84.875
Ahmedabad,24-06-2020 17:00,169.5,235.75,30.95,14.8,1.29,28.57,89,17,24,6,2020,2,3,82,80,97,80,84.54166666666667
Ahmedabad,24-06-2020 18:00,107.75,161.5,21.62,7.36,0.54,28.8,94,18,24,6,2020,2,3,89,79,92,82.5,84.625
Ahmedabad,24-06-2020 19:00,17,49,26.15,7.64,0.33,37.98,94,19,24,6,2020,2,3,94,78,88,85.16666666666667,84.875
Ahmedabad,24-06-2020 20:00,18,49.75,22.5,9.45,0.34,36.12,93,20,24,6,2020,2,3,94,76,86,88,85.16666666666667
Ahmedabad,24-06-2020 21:00,25.5,67.25,17.5,4.2,0.3,32.4,93,21,24,6,2020,2,3,93,76,86,90.83333333333331,85.45833333333333
Ahmedabad,24-06-2020 22:00,19,74.25,17.82,4.03,0.33,24.25,92,22,24,6,2020,2,3,93,82,85,92.5,85.75
Ahmedabad,24-06-2020 23:00,10,55.5,19.3,8.88,0.48,34.67,91,23,24,6,2020,2,3,92,89,83,92.83333333333331,86.08333333333333
Ahmedabad,25-06-2020 00:00,7,45,18.6,11,0.48,33.25,88,0,25,6,2020,3,3,91,94,85,91.83333333333331,86.20833333333333
Ahmedabad,25-06-2020 01:00,3.5,48.75,19.73,5.62,0.37,30.45,85,1,25,6,2020,3,3,88,94,86,90.33333333333331,86.16666666666667
Ahmedabad,25-06-2020 02:00,5.5,48.5,15.6,0.62,0.32,35,83,2,25,6,2020,3,3,85,93,86,88.66666666666667,86.04166666666667
Ahmedabad,25-06-2020 03:00,10,52.25,21.75,6.08,0.15,38.6,80,3,25,6,2020,3,3,83,93,88,86.5,85.70833333333333
Ahmedabad,25-06-2020 04:00,21.25,66.75,31.2,10.75,0.14,14.2,78,4,25,6,2020,3,3,80,92,89,84.16666666666667,85.25
Ahmedabad,25-06-2020 05:00,28.25,90.5,36.73,4.47,0.17,10.88,78,5,25,6,2020,3,3,78,91,89,82,84.79166666666667
Ahmedabad,25-06-2020 06:00,27.75,93.75,38.38,6.22,0.34,10.98,77,6,25,6,2020,3,3,78,88,90,80.16666666666667,84.25
Ahmedabad,25-06-2020 07:00,23,106,40.45,12.35,0.72,18.77,79,7,25,6,2020,3,3,77,85,88,79.16666666666667,83.875
Ahmedabad,25-06-2020 08:00,24.25,132,44.72,18.62,0.94,22.08,83,8,25,6,2020,3,3,79,83,85,79.16666666666667,83.79166666666667
Ahmedabad,25-06-2020 09:00,30.5,128.75,30.32,15.1,0.58,33.5,86,9,25,6,2020,3,3,83,80,82,80.16666666666667,83.95833333333333
Ahmedabad,25-06-2020 10:00,11.5,68.75,18.55,12.73,0.49,37.73,87,10,25,6,2020,3,3,86,78,81,81.66666666666667,84.20833333333333
Ahmedabad,25-06-2020 11:00,11.75,49.75,14.3,5.43,0.23,48.62,87,11,25,6,2020,3,3,87,78,80,83.16666666666667,84.5
Ahmedabad,25-06-2020 12:00,9,43,14.3,3,0.31,43.45,86,12,25,6,2020,3,3,87,77,79,84.66666666666667,84.79166666666667
Ahmedabad,25-06-2020 13:00,10,44.25,13.35,5.7,0.34,36.12,85,13,25,6,2020,3,3,86,79,78,85.66666666666667,85.08333333333333
Ahmedabad,25-06-2020 14:00,10.75,40,15.3,7.55,0.42,36.38,84,14,25,6,2020,3,3,85,83,76,85.83333333333333,85.41666666666667
Ahmedabad,25-06-2020 15:00,15,42.25,18.75,14.1,0.48,33.33,82,15,25,6,2020,3,3,84,86,76,85.16666666666667,85.66666666666667
Ahmedabad,25-06-2020 16:00,17,40.25,15.23,15.35,0.57,30.05,76,16,25,6,2020,3,3,82,87,82,83.33333333333333,85.41666666666667
Ahmedabad,25-06-2020 17:00,5.25,41.75,14.68,7.67,0.71,29.15,68,17,25,6,2020,3,3,76,87,89,80.16666666666667,84.54166666666667
Ahmedabad,25-06-2020 18:00,6,42,15.68,2.23,0.43,25.9,63,18,25,6,2020,3,3,68,86,94,76.33333333333333,83.25
Ahmedabad,25-06-2020 19:00,5.75,34.75,14.68,2.6,0.15,33.05,63,19,25,6,2020,3,3,63,85,94,72.66666666666667,81.95833333333333
Ahmedabad,25-06-2020 20:00,5.5,32,15.28,3.9,0.36,32.58,62,20,25,6,2020,3,3,63,84,93,69,80.66666666666667
Ahmedabad,25-06-2020 21:00,10,37.75,15.95,8.25,0.31,23.73,61,21,25,6,2020,3,3,62,82,93,65.5,79.33333333333333
Ahmedabad,25-06-2020 22:00,16.5,43.75,18.2,7.68,0.36,19.93,60,22,25,6,2020,3,3,61,76,92,62.833333333333336,78
Ahmedabad,25-06-2020 23:00,7.75,32.5,16.68,11.85,0.47,27.35,59,23,25,6,2020,3,3,60,68,91,61.333333333333336,76.66666666666667
Ahmedabad,26-06-2020 00:00,3.25,21.75,22.25,14.72,0.43,20.82,58,0,26,6,2020,4,3,59,63,88,60.5,75.41666666666667
Ahmedabad,26-06-2020 01:00,1,30,28.65,9.85,0.4,18.17,57,1,26,6,2020,4,3,58,63,85,59.5,74.25
Ahmedabad,26-06-2020 02:00,1.5,42,24.43,6.5,0.44,17.27,57,2,26,6,2020,4,3,57,62,83,58.66666666666666,73.16666666666667
Ahmedabad,26-06-2020 03:00,3.25,42,23.9,2.28,0.22,24.9,56,3,26,6,2020,4,3,57,61,80,57.833333333333336,72.16666666666667
Ahmedabad,26-06-2020 04:00,7,38.75,25.1,5.63,0.11,12.6,55,4,26,6,2020,4,3,56,60,78,57,71.20833333333333
Ahmedabad,26-06-2020 05:00,17,64.5,25.15,6.45,0.21,10.88,54,5,26,6,2020,4,3,55,59,78,56.16666666666666,70.20833333333333
Ahmedabad,26-06-2020 06:00,20.25,91.25,26.92,9.03,0.47,10.5,54,6,26,6,2020,4,3,54,58,77,55.5,69.25
Ahmedabad,26-06-2020 07:00,21,77.25,26.62,13.27,0.67,21.43,53,7,26,6,2020,4,3,54,57,79,54.833333333333336,68.16666666666667
Ahmedabad,26-06-2020 08:00,10.59,28.75,28.18,16.98,0.71,18.6,48,8,26,6,2020,4,3,53,57,83,53.333333333333336,66.70833333333333
Ahmedabad,26-06-2020 09:00,10,44,31.52,10.82,0.76,18.4,45,9,26,6,2020,4,3,48,56,86,51.5,65
Ahmedabad,26-06-2020 10:00,10,47,35.17,9.43,0.9,21.6,45,10,26,6,2020,4,3,45,55,87,49.833333333333336,63.25
Ahmedabad,26-06-2020 11:00,7,29.75,23.85,9.65,0.38,23.62,45,11,26,6,2020,4,3,45,54,87,48.333333333333336,61.5
Ahmedabad,26-06-2020 12:00,50,16,16.65,0.45,0.19,29.52,45,12,26,6,2020,4,3,45,54,86,46.833333333333336,59.79166666666666
Ahmedabad,26-06-2020 13:00,21.69,11.75,15.02,2.08,0.3,29.48,45,13,26,6,2020,4,3,45,53,85,45.5,58.125
Ahmedabad,26-06-2020 14:00,0.17,8.25,15.5,0.95,0.26,26,45,14,26,6,2020,4,3,45,48,84,45,56.5
Ahmedabad,26-06-2020 15:00,34.77,8.5,17.88,1.95,0.43,21.8,45,15,26,6,2020,4,3,45,45,82,45,54.958333333333336
Ahmedabad,26-06-2020 16:00,31.62,6.75,18.38,5.18,0.46,22.38,45,16,26,6,2020,4,3,45,45,76,45,53.66666666666666
Ahmedabad,26-06-2020 17:00,5,8.75,19.15,5.6,0.6,19.75,45,17,26,6,2020,4,3,45,45,68,45,52.708333333333336
Ahmedabad,26-06-2020 18:00,4,17.75,19.53,3.95,0.79,18.62,40,18,26,6,2020,4,3,45,45,63,44.16666666666666,51.75
Ahmedabad,26-06-2020 19:00,1,24,20.68,3.05,0.44,20.98,40,19,26,6,2020,4,3,40,45,63,43.333333333333336,50.79166666666666
Ahmedabad,26-06-2020 20:00,30.12,28,24.88,9.7,0.56,23.38,40,20,26,6,2020,4,3,40,45,62,42.5,49.875
Ahmedabad,26-06-2020 21:00,6,25,25.62,5.25,0.54,19.8,40,21,26,6,2020,4,3,40,45,61,41.66666666666666,49
Ahmedabad,26-06-2020 22:00,6,27.25,23.18,5.67,0.42,17.23,40,22,26,6,2020,4,3,40,45,60,40.833333333333336,48.16666666666666
Ahmedabad,26-06-2020 23:00,6.5,35.5,20.3,5.25,0.3,9.8,40,23,26,6,2020,4,3,40,45,59,40,47.375
Ahmedabad,27-06-2020 00:00,6.75,35.25,20.38,7.75,0.38,21.02,40,0,27,6,2020,5,3,40,40,58,40,46.625
Ahmedabad,27-06-2020 01:00,7,51,24.55,13.12,0.49,14.88,40,1,27,6,2020,5,3,40,40,57,40,45.91666666666666
Ahmedabad,27-06-2020 02:00,10.25,69.5,25,13.98,0.57,13.8,35,2,27,6,2020,5,3,40,40,57,39.16666666666666,45
Ahmedabad,27-06-2020 03:00,16.5,57,27.43,15.98,0.6,14,35,3,27,6,2020,5,3,35,40,56,38.333333333333336,44.125
Ahmedabad,27-06-2020 04:00,16.5,59.25,24.58,12.18,0.39,33.35,36,4,27,6,2020,5,3,35,40,55,37.66666666666666,43.333333333333336
Ahmedabad,27-06-2020 05:00,18.25,72.5,26.7,6.82,0.36,12.5,37,5,27,6,2020,5,3,36,40,54,37.16666666666666,42.625
Ahmedabad,27-06-2020 06:00,20,51,27.8,2.32,0.37,17.93,35,6,27,6,2020,5,3,37,40,54,36.333333333333336,41.833333333333336
Ahmedabad,27-06-2020 07:00,23.25,64.25,29.7,3.77,0.55,11.15,34,7,27,6,2020,5,3,35,40,53,35.333333333333336,41.04166666666666
Ahmedabad,27-06-2020 08:00,19.25,63,34.95,8.62,0.66,26.75,36,8,27,6,2020,5,3,34,35,48,35.5,40.54166666666666
Ahmedabad,27-06-2020 09:00,6.25,51.5,42.05,18.48,0.78,20.85,39,9,27,6,2020,5,3,36,35,45,36.16666666666666,40.29166666666666
Ahmedabad,27-06-2020 10:00,10,60.25,31.5,19.1,0.5,22.52,39,10,27,6,2020,5,3,39,36,45,36.66666666666666,40.04166666666666
Ahmedabad,27-06-2020 11:00,10,55,22.58,9.6,0.6,25.12,39,11,27,6,2020,5,3,39,37,45,37,39.79166666666666
Ahmedabad,27-06-2020 12:00,5,8.16,18.15,1.4,0.27,27.15,39,12,27,6,2020,5,3,39,35,45,37.66666666666666,39.54166666666666
Ahmedabad,27-06-2020 13:00,7.75,19.67,14.62,7.07,0.21,37.62,40,13,27,6,2020,5,3,39,34,45,38.66666666666666,39.333333333333336
Ahmedabad,27-06-2020 14:00,15,68.44,15.75,7.85,0.13,38.85,41,14,27,6,2020,5,3,40,36,45,39.5,39.16666666666666
Ahmedabad,27-06-2020 15:00,16,24,14.07,7.3,0.09,31.85,42,15,27,6,2020,5,3,41,39,45,40,39.04166666666666
Ahmedabad,27-06-2020 16:00,20.25,25,17.48,9.62,0.34,25,43,16,27,6,2020,5,3,42,39,45,40.66666666666666,38.958333333333336
Ahmedabad,27-06-2020 17:00,15,28,17.9,9.4,0.52,26,44,17,27,6,2020,5,3,43,39,45,41.5,38.91666666666666
Ahmedabad,27-06-2020 18:00,12.75,33.5,23.12,7.97,0.57,21.42,45,18,27,6,2020,5,3,44,39,40,42.5,39.125
Ahmedabad,27-06-2020 19:00,14.75,32.75,27.85,8.15,0.57,20.55,45,19,27,6,2020,5,3,45,40,40,43.333333333333336,39.333333333333336
Ahmedabad,27-06-2020 20:00,23.5,43.25,30.2,4.93,0.64,27.7,46,20,27,6,2020,5,3,45,41,40,44.16666666666666,39.583333333333336
Ahmedabad,27-06-2020 21:00,23.5,42,28.48,4.17,0.57,33,47,21,27,6,2020,5,3,46,42,40,45,39.875
Ahmedabad,27-06-2020 22:00,20,57.25,27.45,1.97,0.6,21.28,48,22,27,6,2020,5,3,47,43,40,45.833333333333336,40.208333333333336
Ahmedabad,27-06-2020 23:00,23,94.5,29.15,3.62,0.61,14.9,51,23,27,6,2020,5,3,48,44,40,47,40.66666666666666
Ahmedabad,28-06-2020 00:00,23,96,23.9,1.65,0.47,21.25,54,0,28,6,2020,6,3,51,45,40,48.5,41.25
Ahmedabad,28-06-2020 01:00,11.75,58,23.4,8.93,0.46,26.67,54,1,28,6,2020,6,3,54,45,40,50,41.833333333333336
Ahmedabad,28-06-2020 02:00,19,71.75,34.15,15.35,0.54,17.38,54,2,28,6,2020,6,3,54,46,35,51.333333333333336,42.625
Ahmedabad,28-06-2020 03:00,32,77.5,34.2,36.02,0.6,19.6,55,3,28,6,2020,6,3,54,47,35,52.66666666666666,43.458333333333336
Ahmedabad,28-06-2020 04:00,32,97,31.85,57.4,0.52,25.7,57,4,28,6,2020,6,3,55,48,36,54.16666666666666,44.333333333333336
Ahmedabad,28-06-2020 05:00,34.75,127.25,36.42,36.23,0.32,21.78,60,5,28,6,2020,6,3,57,51,37,55.66666666666666,45.29166666666666
Ahmedabad,28-06-2020 06:00,41.25,129.75,36.35,15.25,0.36,10.5,63,6,28,6,2020,6,3,60,54,35,57.16666666666666,46.458333333333336
Ahmedabad,28-06-2020 07:00,52,118,38.67,11.52,0.75,19.12,66,7,28,6,2020,6,3,63,54,34,59.16666666666666,47.79166666666666
Ahmedabad,28-06-2020 08:00,46.75,140.5,40.8,11.85,1.29,19.43,70,8,28,6,2020,6,3,66,54,36,61.833333333333336,49.208333333333336
Ahmedabad,28-06-2020 09:00,45.25,173.25,41.52,7.3,0.95,23.88,75,9,28,6,2020,6,3,70,55,39,65.16666666666667,50.708333333333336
Ahmedabad,28-06-2020 10:00,31,90.25,30.35,19.04,0.67,32.32,77,10,28,6,2020,6,3,75,57,39,68.5,52.29166666666666
Ahmedabad,28-06-2020 11:00,26.5,84,34,2.58,1.14,32.8,78,11,28,6,2020,6,3,77,60,39,71.5,53.91666666666666
Ahmedabad,28-06-2020 12:00,22.5,78,27.4,21.61,0.43,41.4,78,12,28,6,2020,6,3,78,63,39,74,55.54166666666666
Ahmedabad,28-06-2020 13:00,15.75,58.25,17.2,4.8,0.32,53.5,77,13,28,6,2020,6,3,78,66,40,75.83333333333333,57.083333333333336
Ahmedabad,28-06-2020 14:00,18,42,13.8,1.05,0.25,48.22,76,14,28,6,2020,6,3,77,70,41,76.83333333333333,58.54166666666666
Ahmedabad,28-06-2020 15:00,14,34,13.33,0.42,0.32,40.52,76,15,28,6,2020,6,3,76,75,42,77,59.958333333333336
Ahmedabad,28-06-2020 16:00,10.5,33.75,16,1.82,0.43,33.92,77,16,28,6,2020,6,3,76,77,43,77,61.375
Ahmedabad,28-06-2020 17:00,10,35,17.12,8.25,0.5,35.85,77,17,28,6,2020,6,3,77,78,44,76.83333333333333,62.75
Ahmedabad,28-06-2020 18:00,13,41,16.98,10.65,0.51,33.52,77,18,28,6,2020,6,3,77,78,45,76.66666666666667,64.08333333333333
Ahmedabad,28-06-2020 19:00,14,34,21.15,11.2,0.54,31,77,19,28,6,2020,6,3,77,77,45,76.66666666666667,65.41666666666667
Ahmedabad,28-06-2020 20:00,14,31,21.02,9.03,0.43,32.6,77,20,28,6,2020,6,3,77,76,46,76.83333333333333,66.70833333333333
Ahmedabad,28-06-2020 21:00,14.25,32.25,16.43,7.55,0.23,43.38,76,21,28,6,2020,6,3,77,76,47,76.83333333333333,67.91666666666667
Ahmedabad,28-06-2020 22:00,17.25,39.5,19.02,5.38,0.3,31.68,76,22,28,6,2020,6,3,76,77,48,76.66666666666667,69.08333333333333
Ahmedabad,28-06-2020 23:00,26.5,56.25,20.38,3.45,0.27,27.32,74,23,28,6,2020,6,3,76,77,51,76.16666666666667,70.04166666666667
Ahmedabad,29-06-2020 00:00,32.5,75.25,30.65,5.4,0.5,16.53,73,0,29,6,2020,0,3,74,77,54,75.5,70.83333333333333
Ahmedabad,29-06-2020 01:00,26.25,77.25,39.05,13.4,0.5,20.02,74,1,29,6,2020,0,3,73,77,54,75,71.66666666666667
Ahmedabad,29-06-2020 02:00,24,85.25,45.08,13.3,0.63,14.03,75,2,29,6,2020,0,3,74,77,54,74.66666666666667,72.54166666666667
Ahmedabad,29-06-2020 03:00,33.75,97,45.3,18.05,0.57,13,75,3,29,6,2020,0,3,75,76,55,74.5,73.375
Ahmedabad,29-06-2020 04:00,34,99.5,39.35,17.4,0.42,25.23,76,4,29,6,2020,0,3,75,76,57,74.5,74.16666666666667
Ahmedabad,29-06-2020 05:00,28,103.75,36.83,10.82,0.12,24.4,75,5,29,6,2020,0,3,76,74,60,74.66666666666667,74.79166666666667
Ahmedabad,29-06-2020 06:00,29.75,71.25,39.05,3.7,0.4,10.47,72,6,29,6,2020,0,3,75,73,63,74.5,75.16666666666667
Ahmedabad,29-06-2020 07:00,36.75,89.75,38.33,6.43,0.53,33.2,71,7,29,6,2020,0,3,72,74,66,74,75.375
Ahmedabad,29-06-2020 08:00,42,103,45.2,9.78,0.65,15.1,69,8,29,6,2020,0,3,71,75,70,73,75.33333333333333
Ahmedabad,29-06-2020 09:00,42,91,39.65,11.55,0.78,32.1,66,9,29,6,2020,0,3,69,75,75,71.5,74.95833333333333
Ahmedabad,29-06-2020 10:00,25.5,68.75,48.35,15.62,0.89,33.22,65,10,29,6,2020,0,3,66,76,77,69.66666666666667,74.45833333333333
Ahmedabad,29-06-2020 11:00,26,76.75,38.58,21.95,0.9,32.7,65,11,29,6,2020,0,3,65,75,78,68,73.91666666666667
Ahmedabad,29-06-2020 12:00,17,70,22.05,5.8,0.52,34,64,12,29,6,2020,0,3,65,72,78,66.66666666666667,73.33333333333333
Ahmedabad,29-06-2020 13:00,14.25,60.25,14,5.53,0.1,47.12,64,13,29,6,2020,0,3,64,71,77,65.5,72.79166666666667
Ahmedabad,29-06-2020 14:00,20,45.25,16.45,2.33,0.17,52.17,65,14,29,6,2020,0,3,64,69,76,64.83333333333333,72.33333333333333
Ahmedabad,29-06-2020 15:00,7.5,34.25,14.57,0.65,0.31,44.35,65,15,29,6,2020,0,3,65,66,76,64.66666666666667,71.875
Ahmedabad,29-06-2020 16:00,7,35.5,15.43,10.52,0.41,38.4,65,16,29,6,2020,0,3,65,65,77,64.66666666666667,71.375
Ahmedabad,29-06-2020 17:00,10.5,38,18.82,8.95,0.66,34.52,65,17,29,6,2020,0,3,65,65,77,64.66666666666667,70.875
Ahmedabad,29-06-2020 18:00,12,41.75,23.27,4.45,0.69,32.35,65,18,29,6,2020,0,3,65,64,77,64.83333333333333,70.375
Ahmedabad,29-06-2020 19:00,11.75,41.75,23.6,5.2,0.54,33.97,65,19,29,6,2020,0,3,65,64,77,65,69.875
Ahmedabad,29-06-2020 20:00,11.75,36.25,24.58,3.15,0.48,32.85,65,20,29,6,2020,0,3,65,65,77,65,69.375
Ahmedabad,29-06-2020 21:00,15.75,38.5,19.15,5.53,0.19,45.95,66,21,29,6,2020,0,3,65,65,76,65.16666666666667,68.95833333333333
Ahmedabad,29-06-2020 22:00,19.75,39.25,16.07,2.15,0.23,40.23,66,22,29,6,2020,0,3,66,65,76,65.33333333333333,68.54166666666667
Ahmedabad,29-06-2020 23:00,22,58.25,15.35,0.45,0.29,37.05,66,23,29,6,2020,0,3,66,65,74,65.5,68.20833333333333
Ahmedabad,30-06-2020 00:00,40,68,15.62,15.76,0.42,23.38,65,0,30,6,2020,1,3,66,65,73,65.5,67.875
Ahmedabad,30-06-2020 01:00,3,48.75,19.45,9.88,0.48,30.78,64,1,30,6,2020,1,3,65,65,74,65.33333333333333,67.45833333333333
Ahmedabad,30-06-2020 02:00,5.5,34.5,33.83,16.98,0.58,16.73,62,2,30,6,2020,1,3,64,65,75,64.83333333333333,66.91666666666667
Ahmedabad,30-06-2020 03:00,13,45.25,35.48,17.67,0.43,17.6,60,3,30,6,2020,1,3,62,66,75,63.833333333333336,66.29166666666667
Ahmedabad,30-06-2020 04:00,13,38.5,34.2,15.7,0.45,20.42,57,4,30,6,2020,1,3,60,66,76,62.333333333333336,65.5
Ahmedabad,30-06-2020 05:00,13.5,44.75,35.15,7.95,0.23,23.35,55,5,30,6,2020,1,3,57,66,75,60.5,64.66666666666667
Ahmedabad,30-06-2020 06:00,15,50,36.88,3.6,0.35,14.62,54,6,30,6,2020,1,3,55,65,72,58.66666666666666,63.91666666666666
Ahmedabad,30-06-2020 07:00,32,77,33.05,0.9,0.53,16.58,54,7,30,6,2020,1,3,54,64,71,57,63.208333333333336
Ahmedabad,30-06-2020 08:00,37,76,32.55,1.9,0.64,15.83,52,8,30,6,2020,1,3,54,62,69,55.333333333333336,62.5
Ahmedabad,30-06-2020 09:00,27.75,68.5,36.62,13.85,0.73,27.75,51,9,30,6,2020,1,3,52,60,66,53.833333333333336,61.875
Ahmedabad,30-06-2020 10:00,9,55.5,44.4,24.67,0.78,24.4,51,10,30,6,2020,1,3,51,57,65,52.833333333333336,61.29166666666666
Ahmedabad,30-06-2020 11:00,12.75,66.5,54.6,39.7,0.89,29.62,51,11,30,6,2020,1,3,51,55,65,52.16666666666666,60.708333333333336
Ahmedabad,30-06-2020 12:00,21.5,83,31.35,17.8,0.66,35.77,51,12,30,6,2020,1,3,51,54,64,51.66666666666666,60.16666666666666
Ahmedabad,30-06-2020 13:00,12.75,45,17.2,10.82,0.11,45.8,50,13,30,6,2020,1,3,51,54,64,51,59.583333333333336
Ahmedabad,30-06-2020 14:00,10.75,36.75,17.75,4.38,0.34,50.73,51,14,30,6,2020,1,3,50,52,65,50.833333333333336,59
Ahmedabad,30-06-2020 15:00,15.75,30.25,13.75,2.9,0.3,41.55,51,15,30,6,2020,1,3,51,51,65,50.833333333333336,58.41666666666666
Ahmedabad,30-06-2020 16:00,14,29.5,20.7,7.12,0.45,39.23,51,16,30,6,2020,1,3,51,51,65,50.833333333333336,57.833333333333336
Ahmedabad,30-06-2020 17:00,9.75,24.25,23.85,8.45,0.57,34.78,51,17,30,6,2020,1,3,51,51,65,50.833333333333336,57.25
Ahmedabad,30-06-2020 18:00,6.5,24.75,23.38,5.8,0.66,33.55,51,18,30,6,2020,1,3,51,51,65,50.833333333333336,56.66666666666666
Ahmedabad,30-06-2020 19:00,8.25,33.25,24.05,1.85,0.44,41.38,51,19,30,6,2020,1,3,51,50,65,51,56.083333333333336
Ahmedabad,30-06-2020 20:00,9.5,36,25.57,20.27,0.62,27.75,51,20,30,6,2020,1,3,51,51,65,51,55.5
Ahmedabad,30-06-2020 21:00,17.25,49.25,33.2,2.02,0.76,25.58,51,21,30,6,2020,1,3,51,51,66,51,54.875
Ahmedabad,30-06-2020 22:00,36,71,30.8,1.77,0.58,26.15,50,22,30,6,2020,1,3,51,51,66,50.833333333333336,54.208333333333336
Ahmedabad,30-06-2020 23:00,15.75,63,28.9,0.75,0.49,15.82,50,23,30,6,2020,1,3,50,51,66,50.66666666666666,53.54166666666666
Ahmedabad,01-07-2020 00:00,15,66,26.85,2.1,0.59,17.05,50,0,1,7,2020,2,3,50,51,65,50.5,52.91666666666666
