Feature,Importance
PM2.5,0.5582927
CO,0.12980983
PM10,0.101304725
Season,0.05868837
Hour,0.037516233
Month,0.03290329
NO2,0.029295566
O3,0.027406693
SO2,0.024782581
